"","ORDER_DATE","PRODUCT_CATEGORY","DAILY_SALE_AMT","CAMPAIGN_SPEND","HAD_CAMPAIGN","WEEKDAY"
"1",2015-01-01,"Accessories",169377.26,1493.85,"Y","Thu"
"2",2015-01-01,"App/Accss Event",828.39,NA,"N","Thu"
"3",2015-01-01,"Apparel",202154.55,NA,"N","Thu"
"4",2015-01-01,"Collectibles",26,NA,"N","Thu"
"5",2015-01-01,"Costume Jewelry",3809.75,NA,"N","Thu"
"6",2015-01-01,"Electronics",116975.06,NA,"N","Thu"
"7",2015-01-01,"Entertainment",3349.74,NA,"N","Thu"
"8",2015-01-01,"Fun & Leisure",822911.96,NA,"N","Thu"
"9",2015-01-01,"Gift Cards",325,NA,"N","Thu"
"10",2015-01-01,"Health",7364.09,NA,"N","Thu"
"11",2015-01-01,"Health/Beauty",90566.54,NA,"N","Thu"
"12",2015-01-01,"Home Decor",109310.49,NA,"N","Thu"
"13",2015-01-01,"Housewares",79842.63,NA,"N","Thu"
"14",2015-01-01,"IQVC Divisional",195112.05,NA,"N","Thu"
"15",2015-01-01,"Jewelry",164411.45,380.53,"Y","Thu"
"16",2015-01-01,"License Hardgds",1049.22,NA,"N","Thu"
"17",2015-01-01,"Returns",0,NA,"N","Thu"
"18",2015-01-01,"Textile/Furnit",26576.01,NA,"N","Thu"
"19",2015-01-02,"Accessories",490726.72,177.29,"Y","Fri"
"20",2015-01-02,"App/Accss Event",237.55,NA,"N","Fri"
"21",2015-01-02,"Apparel",267939.16,177.29,"Y","Fri"
"22",2015-01-02,"Costume Jewelry",8185.73,NA,"N","Fri"
"23",2015-01-02,"Electronics",94074.8,NA,"N","Fri"
"24",2015-01-02,"Entertainment",2208.14,NA,"N","Fri"
"25",2015-01-02,"Fun & Leisure",102948.87,NA,"N","Fri"
"26",2015-01-02,"Gift Cards",875,NA,"N","Fri"
"27",2015-01-02,"Health",1489.81,NA,"N","Fri"
"28",2015-01-02,"Health/Beauty",168054.79,NA,"N","Fri"
"29",2015-01-02,"Home Decor",117596.25,NA,"N","Fri"
"30",2015-01-02,"Housewares",30883.58,NA,"N","Fri"
"31",2015-01-02,"IQVC Divisional",180511.25,NA,"N","Fri"
"32",2015-01-02,"Jewelry",208682.71,177.29,"Y","Fri"
"33",2015-01-02,"License Hardgds",944.97,NA,"N","Fri"
"34",2015-01-02,"Returns",0,NA,"N","Fri"
"35",2015-01-02,"Textile/Furnit",25275.2,NA,"N","Fri"
"36",2015-01-03,"Accessories",725596.18,NA,"N","Sat"
"37",2015-01-03,"App/Accss Event",490.24,NA,"N","Sat"
"38",2015-01-03,"Apparel",244287.27,NA,"N","Sat"
"39",2015-01-03,"Collectibles",44.54,NA,"N","Sat"
"40",2015-01-03,"Costume Jewelry",20128.53,NA,"N","Sat"
"41",2015-01-03,"Electronics",85320.51,NA,"N","Sat"
"42",2015-01-03,"Entertainment",3671.98,NA,"N","Sat"
"43",2015-01-03,"Fun & Leisure",170385.01,NA,"N","Sat"
"44",2015-01-03,"Gift Cards",450,NA,"N","Sat"
"45",2015-01-03,"Health",1979.79,NA,"N","Sat"
"46",2015-01-03,"Health/Beauty",199953.49,NA,"N","Sat"
"47",2015-01-03,"Home Decor",153739.51,NA,"N","Sat"
"48",2015-01-03,"Housewares",76299.9,NA,"N","Sat"
"49",2015-01-03,"IQVC Divisional",156834.96,NA,"N","Sat"
"50",2015-01-03,"Jewelry",129104.51,NA,"N","Sat"
"51",2015-01-03,"License Hardgds",937.39,NA,"N","Sat"
"52",2015-01-03,"Textile/Furnit",157196.47,NA,"N","Sat"
"53",2015-01-04,"Accessories",96570.79,NA,"N","Sun"
"54",2015-01-04,"App/Accss Event",825.57,NA,"N","Sun"
"55",2015-01-04,"Apparel",168649.38,NA,"N","Sun"
"56",2015-01-04,"Costume Jewelry",10662.29,NA,"N","Sun"
"57",2015-01-04,"Electronics",107670.59,NA,"N","Sun"
"58",2015-01-04,"Entertainment",2679.22,NA,"N","Sun"
"59",2015-01-04,"Fun & Leisure",46316.05,NA,"N","Sun"
"60",2015-01-04,"Gift Cards",475,NA,"N","Sun"
"61",2015-01-04,"Health",3679.52,NA,"N","Sun"
"62",2015-01-04,"Health/Beauty",140496.05,NA,"N","Sun"
"63",2015-01-04,"Home Decor",992172.85,NA,"N","Sun"
"64",2015-01-04,"Housewares",69471.93,NA,"N","Sun"
"65",2015-01-04,"IQVC Divisional",145527.04,NA,"N","Sun"
"66",2015-01-04,"Jewelry",117936.57,NA,"N","Sun"
"67",2015-01-04,"License Hardgds",800.27,NA,"N","Sun"
"68",2015-01-04,"Returns",0,NA,"N","Sun"
"69",2015-01-04,"Textile/Furnit",185276.57,NA,"N","Sun"
"70",2015-01-05,"Accessories",127765.24,1894.22,"Y","Mon"
"71",2015-01-05,"App/Accss Event",1401.54,NA,"N","Mon"
"72",2015-01-05,"Apparel",318166.2,1894.22,"Y","Mon"
"73",2015-01-05,"Collectibles",198.79,NA,"N","Mon"
"74",2015-01-05,"Costume Jewelry",25900.06,NA,"N","Mon"
"75",2015-01-05,"Electronics",56610.37,NA,"N","Mon"
"76",2015-01-05,"Entertainment",1842.84,NA,"N","Mon"
"77",2015-01-05,"Fun & Leisure",22461.73,NA,"N","Mon"
"78",2015-01-05,"Gift Cards",675,NA,"N","Mon"
"79",2015-01-05,"Health",1254.04,NA,"N","Mon"
"80",2015-01-05,"Health/Beauty",465892.77,NA,"N","Mon"
"81",2015-01-05,"Home Decor",133135.65,NA,"N","Mon"
"82",2015-01-05,"Housewares",34591.7,NA,"N","Mon"
"83",2015-01-05,"IQVC Divisional",131176.68,NA,"N","Mon"
"84",2015-01-05,"Jewelry",131368.45,NA,"N","Mon"
"85",2015-01-05,"License Hardgds",655.01,NA,"N","Mon"
"86",2015-01-05,"Textile/Furnit",61825.98,NA,"N","Mon"
"87",2015-01-06,"Accessories",78158.93,NA,"N","Tue"
"88",2015-01-06,"App/Accss Event",953.12,NA,"N","Tue"
"89",2015-01-06,"Apparel",222432.49,NA,"N","Tue"
"90",2015-01-06,"Collectibles",85.79,NA,"N","Tue"
"91",2015-01-06,"Costume Jewelry",6173.25,NA,"N","Tue"
"92",2015-01-06,"Electronics",58877.81,NA,"N","Tue"
"93",2015-01-06,"Entertainment",1790,NA,"N","Tue"
"94",2015-01-06,"Fun & Leisure",29609.04,NA,"N","Tue"
"95",2015-01-06,"Gift Cards",425,NA,"N","Tue"
"96",2015-01-06,"Health",1479.26,NA,"N","Tue"
"97",2015-01-06,"Health/Beauty",216505.09,NA,"N","Tue"
"98",2015-01-06,"Home Decor",114634.86,NA,"N","Tue"
"99",2015-01-06,"Housewares",299147.36,NA,"N","Tue"
"100",2015-01-06,"IQVC Divisional",121673.31,NA,"N","Tue"
"101",2015-01-06,"Jewelry",60957.31,NA,"N","Tue"
"102",2015-01-06,"License Hardgds",1424.09,NA,"N","Tue"
"103",2015-01-06,"Textile/Furnit",85222.38,NA,"N","Tue"
"104",2015-01-07,"Accessories",63765.01,NA,"N","Wed"
"105",2015-01-07,"App/Accss Event",1020.23,NA,"N","Wed"
"106",2015-01-07,"Apparel",115847.02,NA,"N","Wed"
"107",2015-01-07,"Collectibles",75.24,NA,"N","Wed"
"108",2015-01-07,"Costume Jewelry",3557.81,NA,"N","Wed"
"109",2015-01-07,"Electronics",103115.17,NA,"N","Wed"
"110",2015-01-07,"Entertainment",1311.94,NA,"N","Wed"
"111",2015-01-07,"Fun & Leisure",25814.49,NA,"N","Wed"
"112",2015-01-07,"Gift Cards",300,NA,"N","Wed"
"113",2015-01-07,"Health",1586.5,NA,"N","Wed"
"114",2015-01-07,"Health/Beauty",124702.9,NA,"N","Wed"
"115",2015-01-07,"Home Decor",591950.31,NA,"N","Wed"
"116",2015-01-07,"Housewares",125169.34,NA,"N","Wed"
"117",2015-01-07,"IQVC Divisional",131938.43,NA,"N","Wed"
"118",2015-01-07,"Jewelry",65570.58,NA,"N","Wed"
"119",2015-01-07,"License Hardgds",932.25,NA,"N","Wed"
"120",2015-01-07,"Returns",0,NA,"N","Wed"
"121",2015-01-07,"Textile/Furnit",62882.87,NA,"N","Wed"
"122",2015-01-08,"Accessories",55925.01,NA,"N","Thu"
"123",2015-01-08,"App/Accss Event",614.54,NA,"N","Thu"
"124",2015-01-08,"Apparel",102107.36,NA,"N","Thu"
"125",2015-01-08,"Collectibles",128.83,NA,"N","Thu"
"126",2015-01-08,"Costume Jewelry",5000.87,NA,"N","Thu"
"127",2015-01-08,"Electronics",131166.15,NA,"N","Thu"
"128",2015-01-08,"Entertainment",1757.36,NA,"N","Thu"
"129",2015-01-08,"Fun & Leisure",13758.8,NA,"N","Thu"
"130",2015-01-08,"Gift Cards",425,NA,"N","Thu"
"131",2015-01-08,"Health",3363.16,NA,"N","Thu"
"132",2015-01-08,"Health/Beauty",120312.29,NA,"N","Thu"
"133",2015-01-08,"Home Decor",83480.87,NA,"N","Thu"
"134",2015-01-08,"Housewares",42599.48,NA,"N","Thu"
"135",2015-01-08,"IQVC Divisional",158406.98,NA,"N","Thu"
"136",2015-01-08,"Jewelry",1042154.19,NA,"N","Thu"
"137",2015-01-08,"License Hardgds",591.16,NA,"N","Thu"
"138",2015-01-08,"Textile/Furnit",35032.4,NA,"N","Thu"
"139",2015-01-09,"Accessories",155776.31,NA,"N","Fri"
"140",2015-01-09,"App/Accss Event",1119.62,NA,"N","Fri"
"141",2015-01-09,"Apparel",286509.9,NA,"N","Fri"
"142",2015-01-09,"Collectibles",271.32,NA,"N","Fri"
"143",2015-01-09,"Costume Jewelry",8035.24,NA,"N","Fri"
"144",2015-01-09,"Electronics",77759.27,NA,"N","Fri"
"145",2015-01-09,"Entertainment",2325.29,NA,"N","Fri"
"146",2015-01-09,"Fun & Leisure",21297.71,NA,"N","Fri"
"147",2015-01-09,"Gift Cards",525,NA,"N","Fri"
"148",2015-01-09,"Health",4184.73,NA,"N","Fri"
"149",2015-01-09,"Health/Beauty",498286,NA,"N","Fri"
"150",2015-01-09,"Home Decor",83455.3,NA,"N","Fri"
"151",2015-01-09,"Housewares",38303.67,NA,"N","Fri"
"152",2015-01-09,"IQVC Divisional",123067.59,NA,"N","Fri"
"153",2015-01-09,"Jewelry",168399.06,NA,"N","Fri"
"154",2015-01-09,"License Hardgds",296.29,NA,"N","Fri"
"155",2015-01-09,"Textile/Furnit",47654.78,NA,"N","Fri"
"156",2015-01-10,"Accessories",104982.19,NA,"N","Sat"
"157",2015-01-10,"App/Accss Event",716.03,NA,"N","Sat"
"158",2015-01-10,"Apparel",284061.36,NA,"N","Sat"
"159",2015-01-10,"Collectibles",42.24,NA,"N","Sat"
"160",2015-01-10,"Costume Jewelry",4173.73,NA,"N","Sat"
"161",2015-01-10,"Electronics",59947.61,NA,"N","Sat"
"162",2015-01-10,"Entertainment",27238.37,NA,"N","Sat"
"163",2015-01-10,"Fun & Leisure",23967.18,NA,"N","Sat"
"164",2015-01-10,"Gift Cards",450,NA,"N","Sat"
"165",2015-01-10,"Health",2217.1,NA,"N","Sat"
"166",2015-01-10,"Health/Beauty",218729.16,NA,"N","Sat"
"167",2015-01-10,"Home Decor",134022.3,NA,"N","Sat"
"168",2015-01-10,"Housewares",97385.43,NA,"N","Sat"
"169",2015-01-10,"IQVC Divisional",156967.05,NA,"N","Sat"
"170",2015-01-10,"Jewelry",170742.87,NA,"N","Sat"
"171",2015-01-10,"License Hardgds",1325.5,NA,"N","Sat"
"172",2015-01-10,"Textile/Furnit",562125.63,NA,"N","Sat"
"173",2015-01-11,"Accessories",82746.16,NA,"N","Sun"
"174",2015-01-11,"App/Accss Event",2073.73,NA,"N","Sun"
"175",2015-01-11,"Apparel",185293.77,NA,"N","Sun"
"176",2015-01-11,"Collectibles",84.96,NA,"N","Sun"
"177",2015-01-11,"Costume Jewelry",4986.32,NA,"N","Sun"
"178",2015-01-11,"Electronics",760340.55,NA,"N","Sun"
"179",2015-01-11,"Entertainment",38227.2,NA,"N","Sun"
"180",2015-01-11,"Fun & Leisure",114459.51,NA,"N","Sun"
"181",2015-01-11,"Gift Cards",400,NA,"N","Sun"
"182",2015-01-11,"Health",76883.6,NA,"N","Sun"
"183",2015-01-11,"Health/Beauty",159587.76,NA,"N","Sun"
"184",2015-01-11,"Home Decor",227856.62,NA,"N","Sun"
"185",2015-01-11,"Housewares",58349.01,NA,"N","Sun"
"186",2015-01-11,"IQVC Divisional",152063.17,NA,"N","Sun"
"187",2015-01-11,"Jewelry",104748.66,NA,"N","Sun"
"188",2015-01-11,"License Hardgds",713.36,NA,"N","Sun"
"189",2015-01-11,"Returns",0,NA,"N","Sun"
"190",2015-01-11,"Textile/Furnit",88734.88,NA,"N","Sun"
"191",2015-01-12,"Accessories",318912.17,NA,"N","Mon"
"192",2015-01-12,"App/Accss Event",1088.21,NA,"N","Mon"
"193",2015-01-12,"Apparel",342955.88,NA,"N","Mon"
"194",2015-01-12,"Collectibles",179.4,NA,"N","Mon"
"195",2015-01-12,"Costume Jewelry",14410.64,NA,"N","Mon"
"196",2015-01-12,"Electronics",79130.85,NA,"N","Mon"
"197",2015-01-12,"Entertainment",4600.32,NA,"N","Mon"
"198",2015-01-12,"Fun & Leisure",22142.05,NA,"N","Mon"
"199",2015-01-12,"Gift Cards",325,NA,"N","Mon"
"200",2015-01-12,"Health",9121.73,NA,"N","Mon"
"201",2015-01-12,"Health/Beauty",170474.05,NA,"N","Mon"
"202",2015-01-12,"Home Decor",88996.61,NA,"N","Mon"
"203",2015-01-12,"Housewares",34654.27,NA,"N","Mon"
"204",2015-01-12,"IQVC Divisional",111589.51,NA,"N","Mon"
"205",2015-01-12,"Jewelry",168350.66,NA,"N","Mon"
"206",2015-01-12,"License Hardgds",584.16,NA,"N","Mon"
"207",2015-01-12,"Textile/Furnit",37194.05,NA,"N","Mon"
"208",2015-01-13,"Accessories",71182.3,NA,"N","Tue"
"209",2015-01-13,"App/Accss Event",194.42,NA,"N","Tue"
"210",2015-01-13,"Apparel",156949.22,NA,"N","Tue"
"211",2015-01-13,"Collectibles",138.52,NA,"N","Tue"
"212",2015-01-13,"Costume Jewelry",6576.2,NA,"N","Tue"
"213",2015-01-13,"Electronics",80743.05,NA,"N","Tue"
"214",2015-01-13,"Entertainment",3919.3,NA,"N","Tue"
"215",2015-01-13,"Fun & Leisure",159218.96,NA,"N","Tue"
"216",2015-01-13,"Gift Cards",200,NA,"N","Tue"
"217",2015-01-13,"Health",6702.52,NA,"N","Tue"
"218",2015-01-13,"Health/Beauty",204668.58,NA,"N","Tue"
"219",2015-01-13,"Home Decor",69122.04,NA,"N","Tue"
"220",2015-01-13,"Housewares",324536.68,NA,"N","Tue"
"221",2015-01-13,"IQVC Divisional",127090.94,NA,"N","Tue"
"222",2015-01-13,"Jewelry",113598.82,NA,"N","Tue"
"223",2015-01-13,"License Hardgds",260.55,NA,"N","Tue"
"224",2015-01-13,"Textile/Furnit",64183.29,NA,"N","Tue"
"225",2015-01-14,"Accessories",76147.16,NA,"N","Wed"
"226",2015-01-14,"App/Accss Event",1200,NA,"N","Wed"
"227",2015-01-14,"Apparel",174934.1,NA,"N","Wed"
"228",2015-01-14,"Collectibles",83.51,NA,"N","Wed"
"229",2015-01-14,"Costume Jewelry",4227.84,NA,"N","Wed"
"230",2015-01-14,"Electronics",61554.04,NA,"N","Wed"
"231",2015-01-14,"Entertainment",2952.21,NA,"N","Wed"
"232",2015-01-14,"Fun & Leisure",35268.56,NA,"N","Wed"
"233",2015-01-14,"Gift Cards",400,NA,"N","Wed"
"234",2015-01-14,"Health",3698.42,NA,"N","Wed"
"235",2015-01-14,"Health/Beauty",164906.02,NA,"N","Wed"
"236",2015-01-14,"Home Decor",295662.43,NA,"N","Wed"
"237",2015-01-14,"Housewares",75908.59,NA,"N","Wed"
"238",2015-01-14,"IQVC Divisional",127741.93,NA,"N","Wed"
"239",2015-01-14,"Jewelry",119864.34,NA,"N","Wed"
"240",2015-01-14,"License Hardgds",426.05,NA,"N","Wed"
"241",2015-01-14,"Textile/Furnit",40280.79,NA,"N","Wed"
"242",2015-01-15,"Accessories",209559.6,NA,"N","Thu"
"243",2015-01-15,"App/Accss Event",726.16,NA,"N","Thu"
"244",2015-01-15,"Apparel",146495.56,NA,"N","Thu"
"245",2015-01-15,"Collectibles",108.83,NA,"N","Thu"
"246",2015-01-15,"Costume Jewelry",3450.1,NA,"N","Thu"
"247",2015-01-15,"Electronics",75960.59,NA,"N","Thu"
"248",2015-01-15,"Entertainment",2083.62,NA,"N","Thu"
"249",2015-01-15,"Fun & Leisure",22424.04,NA,"N","Thu"
"250",2015-01-15,"Gift Cards",525,NA,"N","Thu"
"251",2015-01-15,"Health",4334.28,NA,"N","Thu"
"252",2015-01-15,"Health/Beauty",170934.71,NA,"N","Thu"
"253",2015-01-15,"Home Decor",63783.57,NA,"N","Thu"
"254",2015-01-15,"Housewares",94691.25,NA,"N","Thu"
"255",2015-01-15,"IQVC Divisional",132788.37,NA,"N","Thu"
"256",2015-01-15,"Jewelry",90348.83,NA,"N","Thu"
"257",2015-01-15,"License Hardgds",453.29,NA,"N","Thu"
"258",2015-01-15,"Returns",0,NA,"N","Thu"
"259",2015-01-15,"Textile/Furnit",434877.24,NA,"N","Thu"
"260",2015-01-16,"Accessories",326773.77,NA,"N","Fri"
"261",2015-01-16,"App/Accss Event",460.98,NA,"N","Fri"
"262",2015-01-16,"Apparel",222463.33,NA,"N","Fri"
"263",2015-01-16,"Collectibles",80.08,NA,"N","Fri"
"264",2015-01-16,"Costume Jewelry",12333.55,NA,"N","Fri"
"265",2015-01-16,"Electronics",72096.2,5306.11,"Y","Fri"
"266",2015-01-16,"Entertainment",1032.35,NA,"N","Fri"
"267",2015-01-16,"Fun & Leisure",61441.67,NA,"N","Fri"
"268",2015-01-16,"Gift Cards",450,NA,"N","Fri"
"269",2015-01-16,"Health",3895.81,NA,"N","Fri"
"270",2015-01-16,"Health/Beauty",225324.29,NA,"N","Fri"
"271",2015-01-16,"Home Decor",161129.86,NA,"N","Fri"
"272",2015-01-16,"Housewares",53472.72,NA,"N","Fri"
"273",2015-01-16,"IQVC Divisional",165392.51,NA,"N","Fri"
"274",2015-01-16,"Jewelry",113540.71,NA,"N","Fri"
"275",2015-01-16,"License Hardgds",502.92,NA,"N","Fri"
"276",2015-01-16,"Textile/Furnit",45454.12,NA,"N","Fri"
"277",2015-01-17,"Accessories",84769.08,NA,"N","Sat"
"278",2015-01-17,"App/Accss Event",508.83,NA,"N","Sat"
"279",2015-01-17,"Apparel",90732.02,NA,"N","Sat"
"280",2015-01-17,"Collectibles",23.71,NA,"N","Sat"
"281",2015-01-17,"Costume Jewelry",2753.62,NA,"N","Sat"
"282",2015-01-17,"Electronics",63697.31,NA,"N","Sat"
"283",2015-01-17,"Entertainment",1137.44,NA,"N","Sat"
"284",2015-01-17,"Fun & Leisure",33161.74,NA,"N","Sat"
"285",2015-01-17,"Gift Cards",275,NA,"N","Sat"
"286",2015-01-17,"Health",2729.07,1014.335,"Y","Sat"
"287",2015-01-17,"Health/Beauty",1652067.4,NA,"N","Sat"
"288",2015-01-17,"Home Decor",81625.82,NA,"N","Sat"
"289",2015-01-17,"Housewares",38728.85,1014.335,"Y","Sat"
"290",2015-01-17,"IQVC Divisional",155823.39,NA,"N","Sat"
"291",2015-01-17,"Jewelry",90838.85,NA,"N","Sat"
"292",2015-01-17,"License Hardgds",402.28,NA,"N","Sat"
"293",2015-01-17,"Textile/Furnit",25187.63,NA,"N","Sat"
"294",2015-01-18,"Accessories",117574.94,NA,"N","Sun"
"295",2015-01-18,"App/Accss Event",1093.49,NA,"N","Sun"
"296",2015-01-18,"Apparel",154772.68,NA,"N","Sun"
"297",2015-01-18,"Collectibles",266.69,NA,"N","Sun"
"298",2015-01-18,"Costume Jewelry",6107.11,NA,"N","Sun"
"299",2015-01-18,"Electronics",56265.85,NA,"N","Sun"
"300",2015-01-18,"Entertainment",1647.44,NA,"N","Sun"
"301",2015-01-18,"Fun & Leisure",117636.62,NA,"N","Sun"
"302",2015-01-18,"Gift Cards",775,NA,"N","Sun"
"303",2015-01-18,"Health",4607.97,NA,"N","Sun"
"304",2015-01-18,"Health/Beauty",224131.49,NA,"N","Sun"
"305",2015-01-18,"Home Decor",293922.82,NA,"N","Sun"
"306",2015-01-18,"Housewares",672446.1,NA,"N","Sun"
"307",2015-01-18,"IQVC Divisional",136751.7,NA,"N","Sun"
"308",2015-01-18,"Jewelry",124463.99,NA,"N","Sun"
"309",2015-01-18,"License Hardgds",878.8,NA,"N","Sun"
"310",2015-01-18,"Returns",0,NA,"N","Sun"
"311",2015-01-18,"Textile/Furnit",94754.62,NA,"N","Sun"
"312",2015-01-19,"Accessories",118574.52,NA,"N","Mon"
"313",2015-01-19,"App/Accss Event",458.47,NA,"N","Mon"
"314",2015-01-19,"Apparel",474434.31,1270,"Y","Mon"
"315",2015-01-19,"Collectibles",38.19,NA,"N","Mon"
"316",2015-01-19,"Costume Jewelry",10093.19,NA,"N","Mon"
"317",2015-01-19,"Electronics",50660.94,NA,"N","Mon"
"318",2015-01-19,"Entertainment",1676.14,NA,"N","Mon"
"319",2015-01-19,"Fun & Leisure",37362.27,NA,"N","Mon"
"320",2015-01-19,"Gift Cards",200,NA,"N","Mon"
"321",2015-01-19,"Health",4067.51,NA,"N","Mon"
"322",2015-01-19,"Health/Beauty",898041.66,NA,"N","Mon"
"323",2015-01-19,"Home Decor",98028.77,NA,"N","Mon"
"324",2015-01-19,"Housewares",51770.53,NA,"N","Mon"
"325",2015-01-19,"IQVC Divisional",143426.21,NA,"N","Mon"
"326",2015-01-19,"Jewelry",63365.54,NA,"N","Mon"
"327",2015-01-19,"License Hardgds",522.24,NA,"N","Mon"
"328",2015-01-19,"Returns",0,NA,"N","Mon"
"329",2015-01-19,"Textile/Furnit",25130.11,NA,"N","Mon"
"330",2015-01-20,"Accessories",54490.3,NA,"N","Tue"
"331",2015-01-20,"App/Accss Event",477.16,NA,"N","Tue"
"332",2015-01-20,"Apparel",129696.8,NA,"N","Tue"
"333",2015-01-20,"Collectibles",746.11,NA,"N","Tue"
"334",2015-01-20,"Costume Jewelry",3998.62,NA,"N","Tue"
"335",2015-01-20,"Electronics",67875.81,NA,"N","Tue"
"336",2015-01-20,"Entertainment",1203.68,NA,"N","Tue"
"337",2015-01-20,"Fun & Leisure",19342.07,NA,"N","Tue"
"338",2015-01-20,"Gift Cards",325,NA,"N","Tue"
"339",2015-01-20,"Health",2874.34,NA,"N","Tue"
"340",2015-01-20,"Health/Beauty",134131.34,NA,"N","Tue"
"341",2015-01-20,"Home Decor",594918.13,NA,"N","Tue"
"342",2015-01-20,"Housewares",41540.72,NA,"N","Tue"
"343",2015-01-20,"IQVC Divisional",110822.72,NA,"N","Tue"
"344",2015-01-20,"Jewelry",53880.32,NA,"N","Tue"
"345",2015-01-20,"License Hardgds",411.21,NA,"N","Tue"
"346",2015-01-20,"PUBLIC RELATION",0,NA,"N","Tue"
"347",2015-01-20,"Returns",0,NA,"N","Tue"
"348",2015-01-20,"Textile/Furnit",25917.51,NA,"N","Tue"
"349",2015-01-21,"Accessories",93107.11,NA,"N","Wed"
"350",2015-01-21,"App/Accss Event",47.14,NA,"N","Wed"
"351",2015-01-21,"Apparel",518375.73,NA,"N","Wed"
"352",2015-01-21,"Collectibles",122.26,NA,"N","Wed"
"353",2015-01-21,"Costume Jewelry",4687.74,NA,"N","Wed"
"354",2015-01-21,"Electronics",99771.55,NA,"N","Wed"
"355",2015-01-21,"Entertainment",2749.77,NA,"N","Wed"
"356",2015-01-21,"Fun & Leisure",21324.42,NA,"N","Wed"
"357",2015-01-21,"Gift Cards",325,NA,"N","Wed"
"358",2015-01-21,"Health",2753.75,1854.45,"Y","Wed"
"359",2015-01-21,"Health/Beauty",143000.12,NA,"N","Wed"
"360",2015-01-21,"Home Decor",254437.74,1352.22,"Y","Wed"
"361",2015-01-21,"Housewares",48434.75,1854.45,"Y","Wed"
"362",2015-01-21,"IQVC Divisional",132142.72,NA,"N","Wed"
"363",2015-01-21,"Jewelry",169848.16,NA,"N","Wed"
"364",2015-01-21,"License Hardgds",434.09,NA,"N","Wed"
"365",2015-01-21,"Returns",0,NA,"N","Wed"
"366",2015-01-21,"Textile/Furnit",32018.66,NA,"N","Wed"
"367",2015-01-22,"Accessories",191339.36,NA,"N","Thu"
"368",2015-01-22,"App/Accss Event",245.83,NA,"N","Thu"
"369",2015-01-22,"Apparel",186756.88,NA,"N","Thu"
"370",2015-01-22,"Collectibles",78.36,NA,"N","Thu"
"371",2015-01-22,"Costume Jewelry",5142.79,NA,"N","Thu"
"372",2015-01-22,"Electronics",222460.92,NA,"N","Thu"
"373",2015-01-22,"Entertainment",1469.56,NA,"N","Thu"
"374",2015-01-22,"Fun & Leisure",18802.33,NA,"N","Thu"
"375",2015-01-22,"Gift Cards",150,NA,"N","Thu"
"376",2015-01-22,"Health",2206.31,NA,"N","Thu"
"377",2015-01-22,"Health/Beauty",128230.83,NA,"N","Thu"
"378",2015-01-22,"Home Decor",164968.07,NA,"N","Thu"
"379",2015-01-22,"Housewares",33475.62,NA,"N","Thu"
"380",2015-01-22,"IQVC Divisional",149352.44,NA,"N","Thu"
"381",2015-01-22,"Jewelry",187718.85,NA,"N","Thu"
"382",2015-01-22,"License Hardgds",285.22,NA,"N","Thu"
"383",2015-01-22,"Returns",0,NA,"N","Thu"
"384",2015-01-22,"Textile/Furnit",26775.7,NA,"N","Thu"
"385",2015-01-23,"Accessories",100794.77,NA,"N","Fri"
"386",2015-01-23,"App/Accss Event",531.51,NA,"N","Fri"
"387",2015-01-23,"Apparel",96280.22,NA,"N","Fri"
"388",2015-01-23,"Costume Jewelry",3673.14,NA,"N","Fri"
"389",2015-01-23,"Electronics",86812.96,NA,"N","Fri"
"390",2015-01-23,"Entertainment",1388.35,NA,"N","Fri"
"391",2015-01-23,"Fun & Leisure",10536.73,NA,"N","Fri"
"392",2015-01-23,"Gift Cards",800,NA,"N","Fri"
"393",2015-01-23,"Health",2552.58,514.85,"Y","Fri"
"394",2015-01-23,"Health/Beauty",122793.03,NA,"N","Fri"
"395",2015-01-23,"Home Decor",99414.75,NA,"N","Fri"
"396",2015-01-23,"Housewares",29048.56,514.85,"Y","Fri"
"397",2015-01-23,"IQVC Divisional",143207.18,NA,"N","Fri"
"398",2015-01-23,"Jewelry",1075207.49,NA,"N","Fri"
"399",2015-01-23,"License Hardgds",197.76,NA,"N","Fri"
"400",2015-01-23,"Textile/Furnit",15125.86,NA,"N","Fri"
"401",2015-01-24,"Accessories",370964.32,NA,"N","Sat"
"402",2015-01-24,"App/Accss Event",580.88,NA,"N","Sat"
"403",2015-01-24,"Apparel",189564.65,NA,"N","Sat"
"404",2015-01-24,"Collectibles",184.77,NA,"N","Sat"
"405",2015-01-24,"Costume Jewelry",5382.09,NA,"N","Sat"
"406",2015-01-24,"Electronics",636986.5,1840.38,"Y","Sat"
"407",2015-01-24,"Entertainment",1680.18,NA,"N","Sat"
"408",2015-01-24,"Fun & Leisure",41940.56,NA,"N","Sat"
"409",2015-01-24,"Gift Cards",175,NA,"N","Sat"
"410",2015-01-24,"Health",3404.85,NA,"N","Sat"
"411",2015-01-24,"Health/Beauty",258010.55,NA,"N","Sat"
"412",2015-01-24,"Home Decor",115666.17,NA,"N","Sat"
"413",2015-01-24,"Housewares",95890.98,NA,"N","Sat"
"414",2015-01-24,"IQVC Divisional",204250.13,NA,"N","Sat"
"415",2015-01-24,"Jewelry",271086.8,NA,"N","Sat"
"416",2015-01-24,"License Hardgds",329.12,NA,"N","Sat"
"417",2015-01-24,"Textile/Furnit",20485.11,NA,"N","Sat"
"418",2015-01-25,"Accessories",113762.61,NA,"N","Sun"
"419",2015-01-25,"App/Accss Event",2540.6,NA,"N","Sun"
"420",2015-01-25,"Apparel",99090.94,NA,"N","Sun"
"421",2015-01-25,"Collectibles",21.38,NA,"N","Sun"
"422",2015-01-25,"Costume Jewelry",3496.55,NA,"N","Sun"
"423",2015-01-25,"Electronics",96567.26,NA,"N","Sun"
"424",2015-01-25,"Entertainment",1152.17,NA,"N","Sun"
"425",2015-01-25,"Fun & Leisure",12204.28,NA,"N","Sun"
"426",2015-01-25,"Gift Cards",625,NA,"N","Sun"
"427",2015-01-25,"Health",2323.42,NA,"N","Sun"
"428",2015-01-25,"Health/Beauty",132762.83,NA,"N","Sun"
"429",2015-01-25,"Home Decor",1540916.2,NA,"N","Sun"
"430",2015-01-25,"Housewares",39813.42,NA,"N","Sun"
"431",2015-01-25,"IQVC Divisional",113115.15,NA,"N","Sun"
"432",2015-01-25,"Jewelry",138977.87,NA,"N","Sun"
"433",2015-01-25,"License Hardgds",277.86,NA,"N","Sun"
"434",2015-01-25,"PUBLIC RELATION",0,NA,"N","Sun"
"435",2015-01-25,"Returns",0,NA,"N","Sun"
"436",2015-01-25,"Textile/Furnit",25177.53,NA,"N","Sun"
"437",2015-01-26,"Accessories",125649.34,NA,"N","Mon"
"438",2015-01-26,"App/Accss Event",675.19,NA,"N","Mon"
"439",2015-01-26,"Apparel",285410.61,1098.22,"Y","Mon"
"440",2015-01-26,"Collectibles",257.78,NA,"N","Mon"
"441",2015-01-26,"Costume Jewelry",23986.75,NA,"N","Mon"
"442",2015-01-26,"Electronics",68532.93,NA,"N","Mon"
"443",2015-01-26,"Entertainment",899.78,NA,"N","Mon"
"444",2015-01-26,"Fun & Leisure",10127.94,NA,"N","Mon"
"445",2015-01-26,"Gift Cards",550,NA,"N","Mon"
"446",2015-01-26,"Health",3202.77,NA,"N","Mon"
"447",2015-01-26,"Health/Beauty",341937.98,NA,"N","Mon"
"448",2015-01-26,"Home Decor",166684.6,NA,"N","Mon"
"449",2015-01-26,"Housewares",36605.43,NA,"N","Mon"
"450",2015-01-26,"IQVC Divisional",99673.91,NA,"N","Mon"
"451",2015-01-26,"Jewelry",150326.51,NA,"N","Mon"
"452",2015-01-26,"License Hardgds",339.03,NA,"N","Mon"
"453",2015-01-26,"Returns",0,NA,"N","Mon"
"454",2015-01-26,"Textile/Furnit",14362.74,NA,"N","Mon"
"455",2015-01-27,"Accessories",107126.55,864.34,"Y","Tue"
"456",2015-01-27,"App/Accss Event",414.42,NA,"N","Tue"
"457",2015-01-27,"Apparel",134955.5,NA,"N","Tue"
"458",2015-01-27,"Collectibles",5532.96,NA,"N","Tue"
"459",2015-01-27,"Costume Jewelry",6205.75,NA,"N","Tue"
"460",2015-01-27,"Electronics",70624.45,NA,"N","Tue"
"461",2015-01-27,"Entertainment",1173.79,NA,"N","Tue"
"462",2015-01-27,"Fun & Leisure",75249.49,NA,"N","Tue"
"463",2015-01-27,"Gift Cards",100,NA,"N","Tue"
"464",2015-01-27,"Health",2251.58,NA,"N","Tue"
"465",2015-01-27,"Health/Beauty",279754.28,NA,"N","Tue"
"466",2015-01-27,"Home Decor",322930.91,NA,"N","Tue"
"467",2015-01-27,"Housewares",99579.19,NA,"N","Tue"
"468",2015-01-27,"IQVC Divisional",111013.5,NA,"N","Tue"
"469",2015-01-27,"Jewelry",96123.03,NA,"N","Tue"
"470",2015-01-27,"License Hardgds",461.49,NA,"N","Tue"
"471",2015-01-27,"Textile/Furnit",44176.83,NA,"N","Tue"
"472",2015-01-28,"Accessories",59916.99,NA,"N","Wed"
"473",2015-01-28,"App/Accss Event",61.72,NA,"N","Wed"
"474",2015-01-28,"Apparel",148568.95,NA,"N","Wed"
"475",2015-01-28,"Collectibles",338.96,NA,"N","Wed"
"476",2015-01-28,"Costume Jewelry",11980.76,NA,"N","Wed"
"477",2015-01-28,"Electronics",291306.74,NA,"N","Wed"
"478",2015-01-28,"Entertainment",762.55,NA,"N","Wed"
"479",2015-01-28,"Fun & Leisure",20338.85,NA,"N","Wed"
"480",2015-01-28,"Gift Cards",350,NA,"N","Wed"
"481",2015-01-28,"Health",10712.53,NA,"N","Wed"
"482",2015-01-28,"Health/Beauty",150183.51,NA,"N","Wed"
"483",2015-01-28,"Home Decor",209654.41,NA,"N","Wed"
"484",2015-01-28,"Housewares",76294.72,NA,"N","Wed"
"485",2015-01-28,"IQVC Divisional",118238.71,NA,"N","Wed"
"486",2015-01-28,"Jewelry",77119.73,NA,"N","Wed"
"487",2015-01-28,"License Hardgds",445.88,NA,"N","Wed"
"488",2015-01-28,"Textile/Furnit",30672.85,NA,"N","Wed"
"489",2015-01-29,"Accessories",401967.66,NA,"N","Thu"
"490",2015-01-29,"App/Accss Event",318.69,NA,"N","Thu"
"491",2015-01-29,"Apparel",206717.39,NA,"N","Thu"
"492",2015-01-29,"Collectibles",223.43,NA,"N","Thu"
"493",2015-01-29,"Costume Jewelry",3749.08,NA,"N","Thu"
"494",2015-01-29,"Electronics",107720.98,NA,"N","Thu"
"495",2015-01-29,"Entertainment",1720.94,NA,"N","Thu"
"496",2015-01-29,"Fun & Leisure",20537.71,NA,"N","Thu"
"497",2015-01-29,"Gift Cards",300,NA,"N","Thu"
"498",2015-01-29,"Health",2819,NA,"N","Thu"
"499",2015-01-29,"Health/Beauty",122566.33,NA,"N","Thu"
"500",2015-01-29,"Home Decor",123607.76,NA,"N","Thu"
"501",2015-01-29,"Housewares",41547.52,NA,"N","Thu"
"502",2015-01-29,"IQVC Divisional",155690.05,NA,"N","Thu"
"503",2015-01-29,"Jewelry",115746.43,NA,"N","Thu"
"504",2015-01-29,"License Hardgds",198.23,NA,"N","Thu"
"505",2015-01-29,"Textile/Furnit",43319.39,NA,"N","Thu"
"506",2015-01-30,"Accessories",193123.7,NA,"N","Fri"
"507",2015-01-30,"App/Accss Event",207.18,NA,"N","Fri"
"508",2015-01-30,"Apparel",662679.4,NA,"N","Fri"
"509",2015-01-30,"Collectibles",114.65,NA,"N","Fri"
"510",2015-01-30,"Costume Jewelry",9092.5,NA,"N","Fri"
"511",2015-01-30,"Electronics",105725.14,NA,"N","Fri"
"512",2015-01-30,"Entertainment",1099.89,NA,"N","Fri"
"513",2015-01-30,"Fun & Leisure",15890.34,NA,"N","Fri"
"514",2015-01-30,"Gift Cards",425,NA,"N","Fri"
"515",2015-01-30,"Health",4099.08,NA,"N","Fri"
"516",2015-01-30,"Health/Beauty",364532.06,NA,"N","Fri"
"517",2015-01-30,"Home Decor",106642.13,NA,"N","Fri"
"518",2015-01-30,"Housewares",39998.52,NA,"N","Fri"
"519",2015-01-30,"IQVC Divisional",201665.14,NA,"N","Fri"
"520",2015-01-30,"Jewelry",215628.84,NA,"N","Fri"
"521",2015-01-30,"License Hardgds",246.46,NA,"N","Fri"
"522",2015-01-30,"Returns",0,NA,"N","Fri"
"523",2015-01-30,"Textile/Furnit",29112.06,NA,"N","Fri"
"524",2015-01-31,"Accessories",344600.66,NA,"N","Sat"
"525",2015-01-31,"App/Accss Event",274.69,NA,"N","Sat"
"526",2015-01-31,"Apparel",225082.07,576.19,"Y","Sat"
"527",2015-01-31,"Collectibles",653.72,NA,"N","Sat"
"528",2015-01-31,"Costume Jewelry",7100.87,NA,"N","Sat"
"529",2015-01-31,"Electronics",126037.48,NA,"N","Sat"
"530",2015-01-31,"Entertainment",1822.52,NA,"N","Sat"
"531",2015-01-31,"Fun & Leisure",22821.64,NA,"N","Sat"
"532",2015-01-31,"Gift Cards",200,NA,"N","Sat"
"533",2015-01-31,"Health",3235.76,NA,"N","Sat"
"534",2015-01-31,"Health/Beauty",599427.32,NA,"N","Sat"
"535",2015-01-31,"Home Decor",144178.58,NA,"N","Sat"
"536",2015-01-31,"Housewares",134103.86,NA,"N","Sat"
"537",2015-01-31,"IQVC Divisional",182684.45,NA,"N","Sat"
"538",2015-01-31,"Jewelry",357897.75,NA,"N","Sat"
"539",2015-01-31,"License Hardgds",514.41,NA,"N","Sat"
"540",2015-01-31,"Returns",0,NA,"N","Sat"
"541",2015-01-31,"Textile/Furnit",33502.39,NA,"N","Sat"
"542",2015-02-01,"Accessories",94062.53,1273.42,"Y","Sun"
"543",2015-02-01,"App/Accss Event",356.24,NA,"N","Sun"
"544",2015-02-01,"Apparel",101748.25,1273.42,"Y","Sun"
"545",2015-02-01,"Collectibles",109.63,NA,"N","Sun"
"546",2015-02-01,"Costume Jewelry",7608.35,NA,"N","Sun"
"547",2015-02-01,"Electronics",79813.66,2134.04,"Y","Sun"
"548",2015-02-01,"Entertainment",989.91,NA,"N","Sun"
"549",2015-02-01,"Fun & Leisure",12745.34,NA,"N","Sun"
"550",2015-02-01,"Gift Cards",300,NA,"N","Sun"
"551",2015-02-01,"Health",2972.72,NA,"N","Sun"
"552",2015-02-01,"Health/Beauty",146617.24,NA,"N","Sun"
"553",2015-02-01,"Home Decor",118395.82,NA,"N","Sun"
"554",2015-02-01,"Housewares",39365.97,NA,"N","Sun"
"555",2015-02-01,"IQVC Divisional",163034.89,NA,"N","Sun"
"556",2015-02-01,"Jewelry",1593744.32,NA,"N","Sun"
"557",2015-02-01,"License Hardgds",27533.68,NA,"N","Sun"
"558",2015-02-01,"Returns",0,NA,"N","Sun"
"559",2015-02-01,"Textile/Furnit",21025.96,NA,"N","Sun"
"560",2015-02-02,"Accessories",179880.04,176.403333333333,"Y","Mon"
"561",2015-02-02,"App/Accss Event",389.24,NA,"N","Mon"
"562",2015-02-02,"Apparel",459925.18,176.403333333333,"Y","Mon"
"563",2015-02-02,"Collectibles",108.46,NA,"N","Mon"
"564",2015-02-02,"Costume Jewelry",32642.34,NA,"N","Mon"
"565",2015-02-02,"Electronics",73564.59,NA,"N","Mon"
"566",2015-02-02,"Entertainment",1580.63,NA,"N","Mon"
"567",2015-02-02,"Fun & Leisure",11403.78,NA,"N","Mon"
"568",2015-02-02,"Gift Cards",550,NA,"N","Mon"
"569",2015-02-02,"Health",2613.63,NA,"N","Mon"
"570",2015-02-02,"Health/Beauty",234532.98,NA,"N","Mon"
"571",2015-02-02,"Home Decor",79616.46,NA,"N","Mon"
"572",2015-02-02,"Housewares",29830.83,NA,"N","Mon"
"573",2015-02-02,"IQVC Divisional",158611.22,NA,"N","Mon"
"574",2015-02-02,"Jewelry",257026.21,176.403333333333,"Y","Mon"
"575",2015-02-02,"License Hardgds",5256.94,NA,"N","Mon"
"576",2015-02-02,"Textile/Furnit",19046.41,NA,"N","Mon"
"577",2015-02-03,"Accessories",77377.64,NA,"N","Tue"
"578",2015-02-03,"App/Accss Event",421.88,NA,"N","Tue"
"579",2015-02-03,"Apparel",246866.38,617.92,"Y","Tue"
"580",2015-02-03,"Costume Jewelry",6280.24,NA,"N","Tue"
"581",2015-02-03,"Electronics",86548.24,NA,"N","Tue"
"582",2015-02-03,"Entertainment",529.46,NA,"N","Tue"
"583",2015-02-03,"Fun & Leisure",21160.26,NA,"N","Tue"
"584",2015-02-03,"Gift Cards",625,NA,"N","Tue"
"585",2015-02-03,"Health",2665.54,NA,"N","Tue"
"586",2015-02-03,"Health/Beauty",545698.74,NA,"N","Tue"
"587",2015-02-03,"Home Decor",118982.85,NA,"N","Tue"
"588",2015-02-03,"Housewares",72480.31,NA,"N","Tue"
"589",2015-02-03,"IQVC Divisional",148058.01,NA,"N","Tue"
"590",2015-02-03,"Jewelry",79661.24,NA,"N","Tue"
"591",2015-02-03,"License Hardgds",954.28,NA,"N","Tue"
"592",2015-02-03,"Returns",0,NA,"N","Tue"
"593",2015-02-03,"Textile/Furnit",17657.88,NA,"N","Tue"
"594",2015-02-04,"Accessories",116138.69,2309.4,"Y","Wed"
"595",2015-02-04,"App/Accss Event",190.36,NA,"N","Wed"
"596",2015-02-04,"Apparel",230349.81,NA,"N","Wed"
"597",2015-02-04,"Collectibles",60.44,NA,"N","Wed"
"598",2015-02-04,"Costume Jewelry",3720.33,NA,"N","Wed"
"599",2015-02-04,"Electronics",102998.43,NA,"N","Wed"
"600",2015-02-04,"Entertainment",1590.48,NA,"N","Wed"
"601",2015-02-04,"Fun & Leisure",15769.5,NA,"N","Wed"
"602",2015-02-04,"Gift Cards",575,NA,"N","Wed"
"603",2015-02-04,"Health",277277.73,445.945,"Y","Wed"
"604",2015-02-04,"Health/Beauty",129235.72,NA,"N","Wed"
"605",2015-02-04,"Home Decor",168897.42,NA,"N","Wed"
"606",2015-02-04,"Housewares",59262.37,445.945,"Y","Wed"
"607",2015-02-04,"IQVC Divisional",142750.22,NA,"N","Wed"
"608",2015-02-04,"Jewelry",50731.72,NA,"N","Wed"
"609",2015-02-04,"License Hardgds",205.72,NA,"N","Wed"
"610",2015-02-04,"Textile/Furnit",23072.39,NA,"N","Wed"
"611",2015-02-05,"Accessories",268032.97,NA,"N","Thu"
"612",2015-02-05,"App/Accss Event",405.26,NA,"N","Thu"
"613",2015-02-05,"Apparel",486379.52,NA,"N","Thu"
"614",2015-02-05,"Collectibles",206.31,NA,"N","Thu"
"615",2015-02-05,"Costume Jewelry",4996.84,NA,"N","Thu"
"616",2015-02-05,"Electronics",95827.57,NA,"N","Thu"
"617",2015-02-05,"Entertainment",715.74,NA,"N","Thu"
"618",2015-02-05,"Fun & Leisure",14173.9,NA,"N","Thu"
"619",2015-02-05,"Gift Cards",425,NA,"N","Thu"
"620",2015-02-05,"Health",13790.39,NA,"N","Thu"
"621",2015-02-05,"Health/Beauty",204621.89,NA,"N","Thu"
"622",2015-02-05,"Home Decor",85697.99,NA,"N","Thu"
"623",2015-02-05,"Housewares",51850.08,NA,"N","Thu"
"624",2015-02-05,"IQVC Divisional",161521.38,NA,"N","Thu"
"625",2015-02-05,"Jewelry",146429.01,NA,"N","Thu"
"626",2015-02-05,"License Hardgds",181.01,NA,"N","Thu"
"627",2015-02-05,"Returns",0,NA,"N","Thu"
"628",2015-02-05,"Textile/Furnit",68938.17,NA,"N","Thu"
"629",2015-02-06,"Accessories",207063.02,467.28,"Y","Fri"
"630",2015-02-06,"App/Accss Event",529.25,NA,"N","Fri"
"631",2015-02-06,"Apparel",191953.05,NA,"N","Fri"
"632",2015-02-06,"Collectibles",171.84,NA,"N","Fri"
"633",2015-02-06,"Costume Jewelry",11034.59,NA,"N","Fri"
"634",2015-02-06,"Electronics",88821.51,NA,"N","Fri"
"635",2015-02-06,"Entertainment",945.13,NA,"N","Fri"
"636",2015-02-06,"Fun & Leisure",12342.58,NA,"N","Fri"
"637",2015-02-06,"Gift Cards",275,NA,"N","Fri"
"638",2015-02-06,"Health",29136.44,NA,"N","Fri"
"639",2015-02-06,"Health/Beauty",255827.32,NA,"N","Fri"
"640",2015-02-06,"Home Decor",524351.54,NA,"N","Fri"
"641",2015-02-06,"Housewares",50707,NA,"N","Fri"
"642",2015-02-06,"IQVC Divisional",177273.38,NA,"N","Fri"
"643",2015-02-06,"Jewelry",86062.04,NA,"N","Fri"
"644",2015-02-06,"License Hardgds",334.62,NA,"N","Fri"
"645",2015-02-06,"Textile/Furnit",28732.55,NA,"N","Fri"
"646",2015-02-07,"Accessories",1453857.15,NA,"N","Sat"
"647",2015-02-07,"App/Accss Event",887.62,NA,"N","Sat"
"648",2015-02-07,"Apparel",167726.03,NA,"N","Sat"
"649",2015-02-07,"Collectibles",203.64,NA,"N","Sat"
"650",2015-02-07,"Costume Jewelry",29101.41,NA,"N","Sat"
"651",2015-02-07,"Electronics",70381.28,NA,"N","Sat"
"652",2015-02-07,"Entertainment",1131.19,NA,"N","Sat"
"653",2015-02-07,"Fun & Leisure",10784.02,NA,"N","Sat"
"654",2015-02-07,"Gift Cards",600,NA,"N","Sat"
"655",2015-02-07,"Health",4057.27,NA,"N","Sat"
"656",2015-02-07,"Health/Beauty",172531.59,NA,"N","Sat"
"657",2015-02-07,"Home Decor",149098.9,NA,"N","Sat"
"658",2015-02-07,"Housewares",39037.83,NA,"N","Sat"
"659",2015-02-07,"IQVC Divisional",198909.57,NA,"N","Sat"
"660",2015-02-07,"Jewelry",71378,NA,"N","Sat"
"661",2015-02-07,"License Hardgds",238.95,NA,"N","Sat"
"662",2015-02-07,"Returns",0,NA,"N","Sat"
"663",2015-02-07,"Textile/Furnit",21067.35,NA,"N","Sat"
"664",2015-02-08,"Accessories",193243.47,NA,"N","Sun"
"665",2015-02-08,"App/Accss Event",625.53,NA,"N","Sun"
"666",2015-02-08,"Apparel",91304.07,NA,"N","Sun"
"667",2015-02-08,"Collectibles",1045.22,NA,"N","Sun"
"668",2015-02-08,"Costume Jewelry",5889.89,NA,"N","Sun"
"669",2015-02-08,"Electronics",77532.28,NA,"N","Sun"
"670",2015-02-08,"Entertainment",669.57,NA,"N","Sun"
"671",2015-02-08,"Fun & Leisure",12386.4,NA,"N","Sun"
"672",2015-02-08,"Gift Cards",625,NA,"N","Sun"
"673",2015-02-08,"Health",4699.2,NA,"N","Sun"
"674",2015-02-08,"Health/Beauty",147138.28,NA,"N","Sun"
"675",2015-02-08,"Home Decor",1103711.59,NA,"N","Sun"
"676",2015-02-08,"Housewares",83108.11,NA,"N","Sun"
"677",2015-02-08,"IQVC Divisional",159798.11,NA,"N","Sun"
"678",2015-02-08,"Jewelry",64115.93,NA,"N","Sun"
"679",2015-02-08,"License Hardgds",240.68,NA,"N","Sun"
"680",2015-02-08,"Textile/Furnit",30800.74,NA,"N","Sun"
"681",2015-02-09,"Accessories",139904.32,NA,"N","Mon"
"682",2015-02-09,"App/Accss Event",571.69,NA,"N","Mon"
"683",2015-02-09,"Apparel",422605.56,NA,"N","Mon"
"684",2015-02-09,"Collectibles",1082.74,NA,"N","Mon"
"685",2015-02-09,"Costume Jewelry",8599.85,NA,"N","Mon"
"686",2015-02-09,"Electronics",77292.2,NA,"N","Mon"
"687",2015-02-09,"Entertainment",814.07,NA,"N","Mon"
"688",2015-02-09,"Fun & Leisure",7017.39,NA,"N","Mon"
"689",2015-02-09,"Gift Cards",1325,NA,"N","Mon"
"690",2015-02-09,"Health",3695.49,NA,"N","Mon"
"691",2015-02-09,"Health/Beauty",539057.88,NA,"N","Mon"
"692",2015-02-09,"Home Decor",162013.5,NA,"N","Mon"
"693",2015-02-09,"Housewares",30307.92,NA,"N","Mon"
"694",2015-02-09,"IQVC Divisional",148957.71,NA,"N","Mon"
"695",2015-02-09,"Jewelry",121566.02,NA,"N","Mon"
"696",2015-02-09,"License Hardgds",173.87,NA,"N","Mon"
"697",2015-02-09,"Returns",0,NA,"N","Mon"
"698",2015-02-09,"Textile/Furnit",23055.71,NA,"N","Mon"
"699",2015-02-10,"Accessories",71222.8,NA,"N","Tue"
"700",2015-02-10,"App/Accss Event",1168.42,NA,"N","Tue"
"701",2015-02-10,"Apparel",229996.58,NA,"N","Tue"
"702",2015-02-10,"Collectibles",10885.1,NA,"N","Tue"
"703",2015-02-10,"Costume Jewelry",3524.35,NA,"N","Tue"
"704",2015-02-10,"Electronics",92881.4,NA,"N","Tue"
"705",2015-02-10,"Entertainment",593.3,NA,"N","Tue"
"706",2015-02-10,"Fun & Leisure",7067.07,NA,"N","Tue"
"707",2015-02-10,"Gift Cards",775,NA,"N","Tue"
"708",2015-02-10,"Health",2743.48,NA,"N","Tue"
"709",2015-02-10,"Health/Beauty",133348.2,NA,"N","Tue"
"710",2015-02-10,"Home Decor",136691.46,NA,"N","Tue"
"711",2015-02-10,"Housewares",244112.42,NA,"N","Tue"
"712",2015-02-10,"IQVC Divisional",143153.85,NA,"N","Tue"
"713",2015-02-10,"Jewelry",99763.55,NA,"N","Tue"
"714",2015-02-10,"License Hardgds",351.47,NA,"N","Tue"
"715",2015-02-10,"Returns",0,NA,"N","Tue"
"716",2015-02-10,"Textile/Furnit",28846.88,NA,"N","Tue"
"717",2015-02-11,"Accessories",69401.8,NA,"N","Wed"
"718",2015-02-11,"App/Accss Event",447.56,NA,"N","Wed"
"719",2015-02-11,"Apparel",142356.76,NA,"N","Wed"
"720",2015-02-11,"Collectibles",958.02,NA,"N","Wed"
"721",2015-02-11,"Costume Jewelry",5575.81,NA,"N","Wed"
"722",2015-02-11,"Electronics",82706.39,NA,"N","Wed"
"723",2015-02-11,"Entertainment",725.61,NA,"N","Wed"
"724",2015-02-11,"Fun & Leisure",11989.54,NA,"N","Wed"
"725",2015-02-11,"Gift Cards",625,NA,"N","Wed"
"726",2015-02-11,"Health",3204.13,NA,"N","Wed"
"727",2015-02-11,"Health/Beauty",131995.16,NA,"N","Wed"
"728",2015-02-11,"Home Decor",223754.87,NA,"N","Wed"
"729",2015-02-11,"Housewares",284591.36,NA,"N","Wed"
"730",2015-02-11,"IQVC Divisional",168674.82,NA,"N","Wed"
"731",2015-02-11,"Jewelry",131643.11,NA,"N","Wed"
"732",2015-02-11,"License Hardgds",53.83,NA,"N","Wed"
"733",2015-02-11,"Textile/Furnit",29488.68,NA,"N","Wed"
"734",2015-02-12,"Accessories",61713.06,NA,"N","Thu"
"735",2015-02-12,"App/Accss Event",506.62,NA,"N","Thu"
"736",2015-02-12,"Apparel",114217.91,NA,"N","Thu"
"737",2015-02-12,"Collectibles",198.04,NA,"N","Thu"
"738",2015-02-12,"Costume Jewelry",4670.54,NA,"N","Thu"
"739",2015-02-12,"Electronics",82762.97,NA,"N","Thu"
"740",2015-02-12,"Entertainment",926.11,NA,"N","Thu"
"741",2015-02-12,"Fun & Leisure",7583.98,NA,"N","Thu"
"742",2015-02-12,"Gift Cards",525,NA,"N","Thu"
"743",2015-02-12,"Health",3845.56,NA,"N","Thu"
"744",2015-02-12,"Health/Beauty",108782.39,2190.58,"Y","Thu"
"745",2015-02-12,"Home Decor",112194.03,NA,"N","Thu"
"746",2015-02-12,"Housewares",45538.22,NA,"N","Thu"
"747",2015-02-12,"IQVC Divisional",165173.08,NA,"N","Thu"
"748",2015-02-12,"Jewelry",709330.5,NA,"N","Thu"
"749",2015-02-12,"License Hardgds",95.44,NA,"N","Thu"
"750",2015-02-12,"Textile/Furnit",26564.37,NA,"N","Thu"
"751",2015-02-13,"Accessories",130207.9,NA,"N","Fri"
"752",2015-02-13,"App/Accss Event",970.44,NA,"N","Fri"
"753",2015-02-13,"Apparel",348826.94,1144.98,"Y","Fri"
"754",2015-02-13,"Collectibles",322.14,NA,"N","Fri"
"755",2015-02-13,"Costume Jewelry",9095.51,NA,"N","Fri"
"756",2015-02-13,"Electronics",118325,NA,"N","Fri"
"757",2015-02-13,"Entertainment",3026.95,NA,"N","Fri"
"758",2015-02-13,"Fun & Leisure",7731.56,NA,"N","Fri"
"759",2015-02-13,"Gift Cards",375,NA,"N","Fri"
"760",2015-02-13,"Health",3104.89,NA,"N","Fri"
"761",2015-02-13,"Health/Beauty",483908.22,NA,"N","Fri"
"762",2015-02-13,"Home Decor",121978.26,NA,"N","Fri"
"763",2015-02-13,"Housewares",39302.07,NA,"N","Fri"
"764",2015-02-13,"IQVC Divisional",180969.04,NA,"N","Fri"
"765",2015-02-13,"Jewelry",182771.64,NA,"N","Fri"
"766",2015-02-13,"License Hardgds",475.47,NA,"N","Fri"
"767",2015-02-13,"Returns",0,NA,"N","Fri"
"768",2015-02-13,"Textile/Furnit",22651.76,NA,"N","Fri"
"769",2015-02-14,"Accessories",105796.96,NA,"N","Sat"
"770",2015-02-14,"App/Accss Event",1889.52,NA,"N","Sat"
"771",2015-02-14,"Apparel",316067.89,NA,"N","Sat"
"772",2015-02-14,"Collectibles",390.33,NA,"N","Sat"
"773",2015-02-14,"Costume Jewelry",4239.47,NA,"N","Sat"
"774",2015-02-14,"Electronics",132499.38,NA,"N","Sat"
"775",2015-02-14,"Entertainment",2473.13,NA,"N","Sat"
"776",2015-02-14,"Fun & Leisure",43202.79,NA,"N","Sat"
"777",2015-02-14,"Gift Cards",325,NA,"N","Sat"
"778",2015-02-14,"Health",1893.46,NA,"N","Sat"
"779",2015-02-14,"Health/Beauty",208700.07,NA,"N","Sat"
"780",2015-02-14,"Home Decor",185579.74,NA,"N","Sat"
"781",2015-02-14,"Housewares",432358.8,NA,"N","Sat"
"782",2015-02-14,"IQVC Divisional",180171.99,NA,"N","Sat"
"783",2015-02-14,"Jewelry",205290.07,NA,"N","Sat"
"784",2015-02-14,"License Hardgds",341.88,NA,"N","Sat"
"785",2015-02-14,"Textile/Furnit",47359.6,NA,"N","Sat"
"786",2015-02-15,"Accessories",56988.74,NA,"N","Sun"
"787",2015-02-15,"App/Accss Event",855.08,NA,"N","Sun"
"788",2015-02-15,"Apparel",283095.13,NA,"N","Sun"
"789",2015-02-15,"Collectibles",137.52,NA,"N","Sun"
"790",2015-02-15,"Costume Jewelry",4110.18,NA,"N","Sun"
"791",2015-02-15,"Electronics",110047.36,NA,"N","Sun"
"792",2015-02-15,"Entertainment",2694.22,NA,"N","Sun"
"793",2015-02-15,"Fun & Leisure",56672.5,NA,"N","Sun"
"794",2015-02-15,"Gift Cards",525,NA,"N","Sun"
"795",2015-02-15,"Health",3779.21,NA,"N","Sun"
"796",2015-02-15,"Health/Beauty",171701.31,NA,"N","Sun"
"797",2015-02-15,"Home Decor",959479.11,NA,"N","Sun"
"798",2015-02-15,"Housewares",88384.48,NA,"N","Sun"
"799",2015-02-15,"IQVC Divisional",167611.67,NA,"N","Sun"
"800",2015-02-15,"Jewelry",119023.17,NA,"N","Sun"
"801",2015-02-15,"Textile/Furnit",37796.4,NA,"N","Sun"
"802",2015-02-16,"Accessories",113983.45,NA,"N","Mon"
"803",2015-02-16,"App/Accss Event",655.95,NA,"N","Mon"
"804",2015-02-16,"Apparel",286076.78,1130.82,"Y","Mon"
"805",2015-02-16,"Collectibles",135.15,NA,"N","Mon"
"806",2015-02-16,"Costume Jewelry",3421.47,NA,"N","Mon"
"807",2015-02-16,"Electronics",635714.15,NA,"N","Mon"
"808",2015-02-16,"Entertainment",5269.54,NA,"N","Mon"
"809",2015-02-16,"Fun & Leisure",10037.9,NA,"N","Mon"
"810",2015-02-16,"Gift Cards",750,NA,"N","Mon"
"811",2015-02-16,"Health",5029.47,NA,"N","Mon"
"812",2015-02-16,"Health/Beauty",140842.09,NA,"N","Mon"
"813",2015-02-16,"Home Decor",146481.22,NA,"N","Mon"
"814",2015-02-16,"Housewares",57293.63,NA,"N","Mon"
"815",2015-02-16,"IQVC Divisional",198431.31,NA,"N","Mon"
"816",2015-02-16,"Jewelry",207537.86,NA,"N","Mon"
"817",2015-02-16,"License Hardgds",219.38,NA,"N","Mon"
"818",2015-02-16,"Returns",0,NA,"N","Mon"
"819",2015-02-16,"Textile/Furnit",26259.06,NA,"N","Mon"
"820",2015-02-17,"Accessories",48497.69,NA,"N","Tue"
"821",2015-02-17,"App/Accss Event",1944.57,NA,"N","Tue"
"822",2015-02-17,"Apparel",104480.52,NA,"N","Tue"
"823",2015-02-17,"Collectibles",330.84,NA,"N","Tue"
"824",2015-02-17,"Costume Jewelry",2790.76,NA,"N","Tue"
"825",2015-02-17,"Electronics",93721.06,NA,"N","Tue"
"826",2015-02-17,"Entertainment",927.23,NA,"N","Tue"
"827",2015-02-17,"Fun & Leisure",20653.62,NA,"N","Tue"
"828",2015-02-17,"Gift Cards",500,NA,"N","Tue"
"829",2015-02-17,"Health",3849.69,NA,"N","Tue"
"830",2015-02-17,"Health/Beauty",110666.82,NA,"N","Tue"
"831",2015-02-17,"Home Decor",692346.01,1031.94,"Y","Tue"
"832",2015-02-17,"Housewares",51279.02,NA,"N","Tue"
"833",2015-02-17,"IQVC Divisional",150219.58,NA,"N","Tue"
"834",2015-02-17,"Jewelry",45294.45,NA,"N","Tue"
"835",2015-02-17,"License Hardgds",95.44,NA,"N","Tue"
"836",2015-02-17,"Returns",0,NA,"N","Tue"
"837",2015-02-17,"Textile/Furnit",16511.19,NA,"N","Tue"
"838",2015-02-18,"Accessories",80194.91,116.41,"Y","Wed"
"839",2015-02-18,"App/Accss Event",1033.62,NA,"N","Wed"
"840",2015-02-18,"Apparel",211333.44,NA,"N","Wed"
"841",2015-02-18,"Collectibles",2263.85,NA,"N","Wed"
"842",2015-02-18,"Costume Jewelry",2072.56,NA,"N","Wed"
"843",2015-02-18,"Electronics",84825.27,NA,"N","Wed"
"844",2015-02-18,"Entertainment",1067.59,NA,"N","Wed"
"845",2015-02-18,"Fun & Leisure",12058.9,NA,"N","Wed"
"846",2015-02-18,"Gift Cards",500,NA,"N","Wed"
"847",2015-02-18,"Health",3250.13,NA,"N","Wed"
"848",2015-02-18,"Health/Beauty",450069.5,NA,"N","Wed"
"849",2015-02-18,"Home Decor",195293.14,NA,"N","Wed"
"850",2015-02-18,"Housewares",59302.02,NA,"N","Wed"
"851",2015-02-18,"IQVC Divisional",142306.52,NA,"N","Wed"
"852",2015-02-18,"Jewelry",130262.29,NA,"N","Wed"
"853",2015-02-18,"Returns",0,NA,"N","Wed"
"854",2015-02-18,"Textile/Furnit",12974.12,NA,"N","Wed"
"855",2015-02-19,"Accessories",149949.26,NA,"N","Thu"
"856",2015-02-19,"App/Accss Event",763.02,NA,"N","Thu"
"857",2015-02-19,"Apparel",209993.64,NA,"N","Thu"
"858",2015-02-19,"Collectibles",288.26,NA,"N","Thu"
"859",2015-02-19,"Costume Jewelry",6696.89,NA,"N","Thu"
"860",2015-02-19,"Electronics",105605.33,NA,"N","Thu"
"861",2015-02-19,"Entertainment",487.74,NA,"N","Thu"
"862",2015-02-19,"Fun & Leisure",368386.5,NA,"N","Thu"
"863",2015-02-19,"Gift Cards",375,NA,"N","Thu"
"864",2015-02-19,"Health",2779.99,NA,"N","Thu"
"865",2015-02-19,"Health/Beauty",224613.98,NA,"N","Thu"
"866",2015-02-19,"Home Decor",139524.98,NA,"N","Thu"
"867",2015-02-19,"Housewares",88453.1,NA,"N","Thu"
"868",2015-02-19,"IQVC Divisional",210288.93,NA,"N","Thu"
"869",2015-02-19,"Jewelry",111159.41,NA,"N","Thu"
"870",2015-02-19,"License Hardgds",45.3,NA,"N","Thu"
"871",2015-02-19,"Textile/Furnit",38493.29,NA,"N","Thu"
"872",2015-02-20,"Accessories",281580.3,NA,"N","Fri"
"873",2015-02-20,"App/Accss Event",703.79,NA,"N","Fri"
"874",2015-02-20,"Apparel",238727.85,NA,"N","Fri"
"875",2015-02-20,"Collectibles",326.56,NA,"N","Fri"
"876",2015-02-20,"Costume Jewelry",8512.3,NA,"N","Fri"
"877",2015-02-20,"Electronics",156539.87,NA,"N","Fri"
"878",2015-02-20,"Entertainment",779.67,NA,"N","Fri"
"879",2015-02-20,"Fun & Leisure",12017.68,NA,"N","Fri"
"880",2015-02-20,"Gift Cards",425,NA,"N","Fri"
"881",2015-02-20,"Health",3985.85,NA,"N","Fri"
"882",2015-02-20,"Health/Beauty",327414.95,NA,"N","Fri"
"883",2015-02-20,"Home Decor",137283.65,NA,"N","Fri"
"884",2015-02-20,"Housewares",42364.9,NA,"N","Fri"
"885",2015-02-20,"IQVC Divisional",171127.58,NA,"N","Fri"
"886",2015-02-20,"Jewelry",174851.06,NA,"N","Fri"
"887",2015-02-20,"License Hardgds",234.34,NA,"N","Fri"
"888",2015-02-20,"Returns",0,NA,"N","Fri"
"889",2015-02-20,"Textile/Furnit",20970.43,NA,"N","Fri"
"890",2015-02-21,"Accessories",139826.65,NA,"N","Sat"
"891",2015-02-21,"App/Accss Event",1323.32,NA,"N","Sat"
"892",2015-02-21,"Apparel",393828.84,NA,"N","Sat"
"893",2015-02-21,"Collectibles",653.42,NA,"N","Sat"
"894",2015-02-21,"Costume Jewelry",4081.96,NA,"N","Sat"
"895",2015-02-21,"Electronics",167810.37,NA,"N","Sat"
"896",2015-02-21,"Entertainment",1150.24,NA,"N","Sat"
"897",2015-02-21,"Fun & Leisure",129385.16,NA,"N","Sat"
"898",2015-02-21,"Gift Cards",300,NA,"N","Sat"
"899",2015-02-21,"Health",3847.3,NA,"N","Sat"
"900",2015-02-21,"Health/Beauty",1046104.01,929.23,"Y","Sat"
"901",2015-02-21,"Home Decor",104479.27,NA,"N","Sat"
"902",2015-02-21,"Housewares",134276.11,NA,"N","Sat"
"903",2015-02-21,"IQVC Divisional",152448.54,NA,"N","Sat"
"904",2015-02-21,"Jewelry",98063.54,NA,"N","Sat"
"905",2015-02-21,"License Hardgds",138.47,NA,"N","Sat"
"906",2015-02-21,"Textile/Furnit",18896.09,NA,"N","Sat"
"907",2015-02-22,"Accessories",104160.39,NA,"N","Sun"
"908",2015-02-22,"App/Accss Event",328.4,NA,"N","Sun"
"909",2015-02-22,"Apparel",259358.94,1485.18,"Y","Sun"
"910",2015-02-22,"Collectibles",4473.23,NA,"N","Sun"
"911",2015-02-22,"Costume Jewelry",5835.14,NA,"N","Sun"
"912",2015-02-22,"Electronics",599046.23,NA,"N","Sun"
"913",2015-02-22,"Entertainment",609.9,NA,"N","Sun"
"914",2015-02-22,"Fun & Leisure",55792.18,NA,"N","Sun"
"915",2015-02-22,"Gift Cards",375,NA,"N","Sun"
"916",2015-02-22,"Health",3416.75,NA,"N","Sun"
"917",2015-02-22,"Health/Beauty",301829.95,NA,"N","Sun"
"918",2015-02-22,"Home Decor",386947.72,NA,"N","Sun"
"919",2015-02-22,"Housewares",65009.38,NA,"N","Sun"
"920",2015-02-22,"IQVC Divisional",190553.96,NA,"N","Sun"
"921",2015-02-22,"Jewelry",93140.95,NA,"N","Sun"
"922",2015-02-22,"License Hardgds",173.96,NA,"N","Sun"
"923",2015-02-22,"Returns",0,NA,"N","Sun"
"924",2015-02-22,"Textile/Furnit",26161.72,NA,"N","Sun"
"925",2015-02-23,"Accessories",141109.98,NA,"N","Mon"
"926",2015-02-23,"App/Accss Event",1062.33,NA,"N","Mon"
"927",2015-02-23,"Apparel",683789.43,996.25,"Y","Mon"
"928",2015-02-23,"Collectibles",3739.18,NA,"N","Mon"
"929",2015-02-23,"Costume Jewelry",26013.42,NA,"N","Mon"
"930",2015-02-23,"Electronics",89821.26,NA,"N","Mon"
"931",2015-02-23,"Entertainment",1039.33,NA,"N","Mon"
"932",2015-02-23,"Fun & Leisure",16695.72,NA,"N","Mon"
"933",2015-02-23,"Gift Cards",975,NA,"N","Mon"
"934",2015-02-23,"Health",2767.94,NA,"N","Mon"
"935",2015-02-23,"Health/Beauty",158399.66,NA,"N","Mon"
"936",2015-02-23,"Home Decor",93058.63,NA,"N","Mon"
"937",2015-02-23,"Housewares",29291.02,NA,"N","Mon"
"938",2015-02-23,"IQVC Divisional",153309.92,NA,"N","Mon"
"939",2015-02-23,"Jewelry",167769.48,NA,"N","Mon"
"940",2015-02-23,"Textile/Furnit",13173.75,NA,"N","Mon"
"941",2015-02-24,"Accessories",116528.9,NA,"N","Tue"
"942",2015-02-24,"App/Accss Event",504.42,NA,"N","Tue"
"943",2015-02-24,"Apparel",387352.09,NA,"N","Tue"
"944",2015-02-24,"Collectibles",8478.48,NA,"N","Tue"
"945",2015-02-24,"Costume Jewelry",7733.35,NA,"N","Tue"
"946",2015-02-24,"Electronics",102290.88,NA,"N","Tue"
"947",2015-02-24,"Entertainment",1131.12,NA,"N","Tue"
"948",2015-02-24,"Fun & Leisure",38199.47,NA,"N","Tue"
"949",2015-02-24,"Gift Cards",400,NA,"N","Tue"
"950",2015-02-24,"Health",2811.55,NA,"N","Tue"
"951",2015-02-24,"Health/Beauty",191046.42,NA,"N","Tue"
"952",2015-02-24,"Home Decor",212803.5,NA,"N","Tue"
"953",2015-02-24,"Housewares",38429.82,NA,"N","Tue"
"954",2015-02-24,"IQVC Divisional",153630.18,NA,"N","Tue"
"955",2015-02-24,"Jewelry",67957.07,NA,"N","Tue"
"956",2015-02-24,"License Hardgds",150.71,NA,"N","Tue"
"957",2015-02-24,"Returns",0,NA,"N","Tue"
"958",2015-02-24,"Textile/Furnit",30103.67,NA,"N","Tue"
"959",2015-02-25,"Accessories",92560.5,2499.1,"Y","Wed"
"960",2015-02-25,"App/Accss Event",1220.26,NA,"N","Wed"
"961",2015-02-25,"Apparel",112975.94,NA,"N","Wed"
"962",2015-02-25,"Collectibles",1365.62,NA,"N","Wed"
"963",2015-02-25,"Costume Jewelry",4249.15,NA,"N","Wed"
"964",2015-02-25,"Electronics",111049.93,NA,"N","Wed"
"965",2015-02-25,"Entertainment",1474.57,NA,"N","Wed"
"966",2015-02-25,"Fun & Leisure",37872.78,NA,"N","Wed"
"967",2015-02-25,"Gift Cards",100,NA,"N","Wed"
"968",2015-02-25,"Health",7230.67,NA,"N","Wed"
"969",2015-02-25,"Health/Beauty",124771.45,NA,"N","Wed"
"970",2015-02-25,"Home Decor",488432.41,NA,"N","Wed"
"971",2015-02-25,"Housewares",51919.48,NA,"N","Wed"
"972",2015-02-25,"IQVC Divisional",151850.69,NA,"N","Wed"
"973",2015-02-25,"Jewelry",92867.45,NA,"N","Wed"
"974",2015-02-25,"Returns",0,NA,"N","Wed"
"975",2015-02-25,"Textile/Furnit",24494.46,NA,"N","Wed"
"976",2015-02-26,"Accessories",734098.72,NA,"N","Thu"
"977",2015-02-26,"App/Accss Event",1629.73,NA,"N","Thu"
"978",2015-02-26,"Apparel",258574.24,NA,"N","Thu"
"979",2015-02-26,"Collectibles",643.99,NA,"N","Thu"
"980",2015-02-26,"Costume Jewelry",5193.59,NA,"N","Thu"
"981",2015-02-26,"Electronics",109968.3,NA,"N","Thu"
"982",2015-02-26,"Entertainment",989.1,NA,"N","Thu"
"983",2015-02-26,"Fun & Leisure",37124.91,NA,"N","Thu"
"984",2015-02-26,"Gift Cards",375,NA,"N","Thu"
"985",2015-02-26,"Health",2720.45,NA,"N","Thu"
"986",2015-02-26,"Health/Beauty",176594.47,NA,"N","Thu"
"987",2015-02-26,"Home Decor",139420.15,NA,"N","Thu"
"988",2015-02-26,"Housewares",51008.83,NA,"N","Thu"
"989",2015-02-26,"IQVC Divisional",194723.83,NA,"N","Thu"
"990",2015-02-26,"Jewelry",159351.79,NA,"N","Thu"
"991",2015-02-26,"License Hardgds",189.31,NA,"N","Thu"
"992",2015-02-26,"PUBLIC RELATION",117.43,NA,"N","Thu"
"993",2015-02-26,"Textile/Furnit",19231.57,NA,"N","Thu"
"994",2015-02-27,"Accessories",104927.13,NA,"N","Fri"
"995",2015-02-27,"App/Accss Event",1059.2,NA,"N","Fri"
"996",2015-02-27,"Apparel",105579.34,NA,"N","Fri"
"997",2015-02-27,"Collectibles",169.25,NA,"N","Fri"
"998",2015-02-27,"Costume Jewelry",3525.34,NA,"N","Fri"
"999",2015-02-27,"Electronics",139344.6,NA,"N","Fri"
"1000",2015-02-27,"Entertainment",648.21,NA,"N","Fri"
"1001",2015-02-27,"Fun & Leisure",15534.74,NA,"N","Fri"
"1002",2015-02-27,"Gift Cards",400,NA,"N","Fri"
"1003",2015-02-27,"Health",2558.71,NA,"N","Fri"
"1004",2015-02-27,"Health/Beauty",154843.44,NA,"N","Fri"
"1005",2015-02-27,"Home Decor",102008.75,NA,"N","Fri"
"1006",2015-02-27,"Housewares",34307.34,NA,"N","Fri"
"1007",2015-02-27,"IQVC Divisional",229712.8,NA,"N","Fri"
"1008",2015-02-27,"Jewelry",1010194.3,NA,"N","Fri"
"1009",2015-02-27,"License Hardgds",187.41,NA,"N","Fri"
"1010",2015-02-27,"Textile/Furnit",28414.93,NA,"N","Fri"
"1011",2015-02-28,"Accessories",208507.19,NA,"N","Sat"
"1012",2015-02-28,"App/Accss Event",535.18,NA,"N","Sat"
"1013",2015-02-28,"Apparel",290013.87,NA,"N","Sat"
"1014",2015-02-28,"Collectibles",1263.39,NA,"N","Sat"
"1015",2015-02-28,"Costume Jewelry",4144.49,NA,"N","Sat"
"1016",2015-02-28,"Electronics",246775.94,NA,"N","Sat"
"1017",2015-02-28,"Entertainment",751.17,NA,"N","Sat"
"1018",2015-02-28,"Fun & Leisure",23154.29,NA,"N","Sat"
"1019",2015-02-28,"Gift Cards",125,NA,"N","Sat"
"1020",2015-02-28,"Health",4286.49,NA,"N","Sat"
"1021",2015-02-28,"Health/Beauty",596384.49,NA,"N","Sat"
"1022",2015-02-28,"Home Decor",146563.45,NA,"N","Sat"
"1023",2015-02-28,"Housewares",242760.18,NA,"N","Sat"
"1024",2015-02-28,"IQVC Divisional",253479.75,NA,"N","Sat"
"1025",2015-02-28,"Jewelry",173770.46,NA,"N","Sat"
"1026",2015-02-28,"License Hardgds",53.16,NA,"N","Sat"
"1027",2015-02-28,"Textile/Furnit",26707.05,NA,"N","Sat"
"1028",2015-03-01,"Accessories",110730.02,NA,"N","Sun"
"1029",2015-03-01,"App/Accss Event",1689.92,NA,"N","Sun"
"1030",2015-03-01,"Apparel",209401.26,NA,"N","Sun"
"1031",2015-03-01,"Collectibles",408.76,NA,"N","Sun"
"1032",2015-03-01,"Costume Jewelry",6017.15,NA,"N","Sun"
"1033",2015-03-01,"Electronics",111511.66,NA,"N","Sun"
"1034",2015-03-01,"Entertainment",3902.64,NA,"N","Sun"
"1035",2015-03-01,"Fun & Leisure",16492.76,NA,"N","Sun"
"1036",2015-03-01,"Gift Cards",1050,NA,"N","Sun"
"1037",2015-03-01,"Health",9875.35,NA,"N","Sun"
"1038",2015-03-01,"Health/Beauty",326397.99,1106.27,"Y","Sun"
"1039",2015-03-01,"Home Decor",864802.34,NA,"N","Sun"
"1040",2015-03-01,"Housewares",129323.32,NA,"N","Sun"
"1041",2015-03-01,"IQVC Divisional",155612.44,NA,"N","Sun"
"1042",2015-03-01,"Jewelry",227489.54,NA,"N","Sun"
"1043",2015-03-01,"License Hardgds",239.53,NA,"N","Sun"
"1044",2015-03-01,"Textile/Furnit",32684.98,NA,"N","Sun"
"1045",2015-03-02,"Accessories",160298.72,441.67,"Y","Mon"
"1046",2015-03-02,"App/Accss Event",1348.87,NA,"N","Mon"
"1047",2015-03-02,"Apparel",372071.01,441.67,"Y","Mon"
"1048",2015-03-02,"Collectibles",448.52,NA,"N","Mon"
"1049",2015-03-02,"Costume Jewelry",56532.29,NA,"N","Mon"
"1050",2015-03-02,"Electronics",86176.42,NA,"N","Mon"
"1051",2015-03-02,"Entertainment",921.36,NA,"N","Mon"
"1052",2015-03-02,"Fun & Leisure",12907.72,NA,"N","Mon"
"1053",2015-03-02,"Gift Cards",325,NA,"N","Mon"
"1054",2015-03-02,"Health",86331.21,NA,"N","Mon"
"1055",2015-03-02,"Health/Beauty",582722.95,441.67,"Y","Mon"
"1056",2015-03-02,"Home Decor",106776.6,NA,"N","Mon"
"1057",2015-03-02,"Housewares",35584.22,NA,"N","Mon"
"1058",2015-03-02,"IQVC Divisional",127994.12,NA,"N","Mon"
"1059",2015-03-02,"Jewelry",233654.56,441.67,"Y","Mon"
"1060",2015-03-02,"License Hardgds",300.06,NA,"N","Mon"
"1061",2015-03-02,"Textile/Furnit",34629.62,NA,"N","Mon"
"1062",2015-03-03,"Accessories",98684.45,1090.55,"Y","Tue"
"1063",2015-03-03,"App/Accss Event",1209.76,NA,"N","Tue"
"1064",2015-03-03,"Apparel",193869.64,1090.55,"Y","Tue"
"1065",2015-03-03,"Collectibles",12077.61,NA,"N","Tue"
"1066",2015-03-03,"Costume Jewelry",7790.8,NA,"N","Tue"
"1067",2015-03-03,"Electronics",297290.27,NA,"N","Tue"
"1068",2015-03-03,"Entertainment",3263.38,NA,"N","Tue"
"1069",2015-03-03,"Fun & Leisure",44413.73,NA,"N","Tue"
"1070",2015-03-03,"Gift Cards",550,NA,"N","Tue"
"1071",2015-03-03,"Health",24369.61,618.13,"Y","Tue"
"1072",2015-03-03,"Health/Beauty",201873.67,NA,"N","Tue"
"1073",2015-03-03,"Home Decor",129973.53,NA,"N","Tue"
"1074",2015-03-03,"Housewares",114889.29,618.13,"Y","Tue"
"1075",2015-03-03,"IQVC Divisional",138947.31,NA,"N","Tue"
"1076",2015-03-03,"Jewelry",81735.02,NA,"N","Tue"
"1077",2015-03-03,"License Hardgds",191.56,NA,"N","Tue"
"1078",2015-03-03,"Textile/Furnit",30052.54,NA,"N","Tue"
"1079",2015-03-04,"Accessories",144387.14,NA,"N","Wed"
"1080",2015-03-04,"App/Accss Event",1638.78,NA,"N","Wed"
"1081",2015-03-04,"Apparel",158145.73,NA,"N","Wed"
"1082",2015-03-04,"Collectibles",405.87,NA,"N","Wed"
"1083",2015-03-04,"Costume Jewelry",5730.62,NA,"N","Wed"
"1084",2015-03-04,"Electronics",112096.16,NA,"N","Wed"
"1085",2015-03-04,"Entertainment",935.64,NA,"N","Wed"
"1086",2015-03-04,"Fun & Leisure",40869.5,NA,"N","Wed"
"1087",2015-03-04,"Gift Cards",625,NA,"N","Wed"
"1088",2015-03-04,"Health",3313.45,NA,"N","Wed"
"1089",2015-03-04,"Health/Beauty",154575.52,NA,"N","Wed"
"1090",2015-03-04,"Home Decor",390258.74,NA,"N","Wed"
"1091",2015-03-04,"Housewares",72405.74,NA,"N","Wed"
"1092",2015-03-04,"IQVC Divisional",137621.34,NA,"N","Wed"
"1093",2015-03-04,"Jewelry",103182.03,NA,"N","Wed"
"1094",2015-03-04,"Textile/Furnit",20620.37,NA,"N","Wed"
"1095",2015-03-05,"Accessories",427309.23,NA,"N","Thu"
"1096",2015-03-05,"App/Accss Event",619.36,NA,"N","Thu"
"1097",2015-03-05,"Apparel",1250384.75,NA,"N","Thu"
"1098",2015-03-05,"Collectibles",613.95,NA,"N","Thu"
"1099",2015-03-05,"Costume Jewelry",24494.89,NA,"N","Thu"
"1100",2015-03-05,"Electronics",102770.06,NA,"N","Thu"
"1101",2015-03-05,"Entertainment",919.96,NA,"N","Thu"
"1102",2015-03-05,"Fun & Leisure",18818.9,NA,"N","Thu"
"1103",2015-03-05,"Gift Cards",850,NA,"N","Thu"
"1104",2015-03-05,"Health",6003.88,NA,"N","Thu"
"1105",2015-03-05,"Health/Beauty",113975.87,NA,"N","Thu"
"1106",2015-03-05,"Home Decor",136866.25,1378.4,"Y","Thu"
"1107",2015-03-05,"Housewares",33977.13,NA,"N","Thu"
"1108",2015-03-05,"IQVC Divisional",132906.22,NA,"N","Thu"
"1109",2015-03-05,"Jewelry",62614.19,NA,"N","Thu"
"1110",2015-03-05,"License Hardgds",137.43,NA,"N","Thu"
"1111",2015-03-05,"Returns",0,NA,"N","Thu"
"1112",2015-03-05,"Textile/Furnit",21227.14,NA,"N","Thu"
"1113",2015-03-06,"Accessories",831726.46,NA,"N","Fri"
"1114",2015-03-06,"App/Accss Event",929.5,NA,"N","Fri"
"1115",2015-03-06,"Apparel",584431.43,NA,"N","Fri"
"1116",2015-03-06,"Collectibles",434.08,NA,"N","Fri"
"1117",2015-03-06,"Costume Jewelry",14491.64,NA,"N","Fri"
"1118",2015-03-06,"Electronics",116807.45,NA,"N","Fri"
"1119",2015-03-06,"Entertainment",1242.65,NA,"N","Fri"
"1120",2015-03-06,"Fun & Leisure",10071.04,NA,"N","Fri"
"1121",2015-03-06,"Gift Cards",350,NA,"N","Fri"
"1122",2015-03-06,"Health",5689.19,NA,"N","Fri"
"1123",2015-03-06,"Health/Beauty",150428.89,NA,"N","Fri"
"1124",2015-03-06,"Home Decor",103669.32,NA,"N","Fri"
"1125",2015-03-06,"Housewares",29141.73,NA,"N","Fri"
"1126",2015-03-06,"IQVC Divisional",147457.57,NA,"N","Fri"
"1127",2015-03-06,"Jewelry",47481.03,NA,"N","Fri"
"1128",2015-03-06,"License Hardgds",36.04,NA,"N","Fri"
"1129",2015-03-06,"Returns",0,NA,"N","Fri"
"1130",2015-03-06,"Textile/Furnit",19538.45,NA,"N","Fri"
"1131",2015-03-07,"Accessories",174650.94,NA,"N","Sat"
"1132",2015-03-07,"App/Accss Event",960.79,NA,"N","Sat"
"1133",2015-03-07,"Apparel",159272.64,NA,"N","Sat"
"1134",2015-03-07,"Collectibles",552.21,NA,"N","Sat"
"1135",2015-03-07,"Costume Jewelry",5056.04,NA,"N","Sat"
"1136",2015-03-07,"Electronics",88955.46,NA,"N","Sat"
"1137",2015-03-07,"Entertainment",1196.9,NA,"N","Sat"
"1138",2015-03-07,"Fun & Leisure",19037.29,NA,"N","Sat"
"1139",2015-03-07,"Gift Cards",275,NA,"N","Sat"
"1140",2015-03-07,"Health",3876.29,NA,"N","Sat"
"1141",2015-03-07,"Health/Beauty",210838.4,728.83,"Y","Sat"
"1142",2015-03-07,"Home Decor",1138971.91,NA,"N","Sat"
"1143",2015-03-07,"Housewares",57106.13,NA,"N","Sat"
"1144",2015-03-07,"IQVC Divisional",123972.86,NA,"N","Sat"
"1145",2015-03-07,"Jewelry",62078.54,NA,"N","Sat"
"1146",2015-03-07,"Returns",0,NA,"N","Sat"
"1147",2015-03-07,"Textile/Furnit",20069.41,NA,"N","Sat"
"1148",2015-03-08,"Accessories",94462.67,NA,"N","Sun"
"1149",2015-03-08,"App/Accss Event",1366.46,NA,"N","Sun"
"1150",2015-03-08,"Apparel",222298.58,NA,"N","Sun"
"1151",2015-03-08,"Collectibles",407.96,NA,"N","Sun"
"1152",2015-03-08,"Costume Jewelry",7673.8,NA,"N","Sun"
"1153",2015-03-08,"Electronics",607937.41,NA,"N","Sun"
"1154",2015-03-08,"Entertainment",773.68,NA,"N","Sun"
"1155",2015-03-08,"Fun & Leisure",14307.6,NA,"N","Sun"
"1156",2015-03-08,"Gift Cards",425,NA,"N","Sun"
"1157",2015-03-08,"Health",5682.45,NA,"N","Sun"
"1158",2015-03-08,"Health/Beauty",252424.53,NA,"N","Sun"
"1159",2015-03-08,"Home Decor",484437.28,NA,"N","Sun"
"1160",2015-03-08,"Housewares",29281.88,NA,"N","Sun"
"1161",2015-03-08,"IQVC Divisional",147800.17,NA,"N","Sun"
"1162",2015-03-08,"Jewelry",73662.81,NA,"N","Sun"
"1163",2015-03-08,"License Hardgds",27.03,NA,"N","Sun"
"1164",2015-03-08,"Textile/Furnit",20965.95,NA,"N","Sun"
"1165",2015-03-09,"Accessories",205558.19,NA,"N","Mon"
"1166",2015-03-09,"App/Accss Event",956.13,NA,"N","Mon"
"1167",2015-03-09,"Apparel",398643.2,NA,"N","Mon"
"1168",2015-03-09,"Collectibles",518.07,NA,"N","Mon"
"1169",2015-03-09,"Costume Jewelry",15262.28,NA,"N","Mon"
"1170",2015-03-09,"Electronics",79377.95,NA,"N","Mon"
"1171",2015-03-09,"Entertainment",773.72,NA,"N","Mon"
"1172",2015-03-09,"Fun & Leisure",12386.88,NA,"N","Mon"
"1173",2015-03-09,"Gift Cards",175,NA,"N","Mon"
"1174",2015-03-09,"Health",5345.13,NA,"N","Mon"
"1175",2015-03-09,"Health/Beauty",511940.8,NA,"N","Mon"
"1176",2015-03-09,"Home Decor",141333.56,NA,"N","Mon"
"1177",2015-03-09,"Housewares",21235.47,NA,"N","Mon"
"1178",2015-03-09,"IQVC Divisional",118192.64,NA,"N","Mon"
"1179",2015-03-09,"Jewelry",110878.33,NA,"N","Mon"
"1180",2015-03-09,"License Hardgds",78.88,NA,"N","Mon"
"1181",2015-03-09,"Returns",0,NA,"N","Mon"
"1182",2015-03-09,"Textile/Furnit",24989.33,NA,"N","Mon"
"1183",2015-03-10,"Accessories",73445.22,NA,"N","Tue"
"1184",2015-03-10,"App/Accss Event",784.88,NA,"N","Tue"
"1185",2015-03-10,"Apparel",190263.78,NA,"N","Tue"
"1186",2015-03-10,"Collectibles",615.27,NA,"N","Tue"
"1187",2015-03-10,"Costume Jewelry",3779.11,NA,"N","Tue"
"1188",2015-03-10,"Electronics",90214.64,NA,"N","Tue"
"1189",2015-03-10,"Entertainment",4349.72,NA,"N","Tue"
"1190",2015-03-10,"Fun & Leisure",15815.85,NA,"N","Tue"
"1191",2015-03-10,"Gift Cards",650,NA,"N","Tue"
"1192",2015-03-10,"Health",2904.93,NA,"N","Tue"
"1193",2015-03-10,"Health/Beauty",174968.43,NA,"N","Tue"
"1194",2015-03-10,"Home Decor",330195.98,NA,"N","Tue"
"1195",2015-03-10,"Housewares",96824.45,NA,"N","Tue"
"1196",2015-03-10,"IQVC Divisional",96335.46,NA,"N","Tue"
"1197",2015-03-10,"Jewelry",185040.68,NA,"N","Tue"
"1198",2015-03-10,"License Hardgds",20.12,NA,"N","Tue"
"1199",2015-03-10,"Returns",0,NA,"N","Tue"
"1200",2015-03-10,"Textile/Furnit",22926.8,NA,"N","Tue"
"1201",2015-03-11,"Accessories",643136.8,NA,"N","Wed"
"1202",2015-03-11,"App/Accss Event",7322.06,NA,"N","Wed"
"1203",2015-03-11,"Apparel",914599.96,NA,"N","Wed"
"1204",2015-03-11,"Collectibles",3163.95,NA,"N","Wed"
"1205",2015-03-11,"Costume Jewelry",32167.31,NA,"N","Wed"
"1206",2015-03-11,"Electronics",164956.66,NA,"N","Wed"
"1207",2015-03-11,"Entertainment",3529.77,NA,"N","Wed"
"1208",2015-03-11,"Fun & Leisure",24883.46,NA,"N","Wed"
"1209",2015-03-11,"Gift Cards",400,NA,"N","Wed"
"1210",2015-03-11,"Health",6395.54,NA,"N","Wed"
"1211",2015-03-11,"Health/Beauty",877608.19,NA,"N","Wed"
"1212",2015-03-11,"Home Decor",895662.02,NA,"N","Wed"
"1213",2015-03-11,"Housewares",77712.57,NA,"N","Wed"
"1214",2015-03-11,"IQVC Divisional",487028.44,NA,"N","Wed"
"1215",2015-03-11,"Jewelry",458653.86,NA,"N","Wed"
"1216",2015-03-11,"License Hardgds",100.12,NA,"N","Wed"
"1217",2015-03-11,"Returns",0,NA,"N","Wed"
"1218",2015-03-11,"Textile/Furnit",36661.16,NA,"N","Wed"
"1219",2015-03-12,"Accessories",226655.12,NA,"N","Thu"
"1220",2015-03-12,"App/Accss Event",1205.49,NA,"N","Thu"
"1221",2015-03-12,"Apparel",237562.95,NA,"N","Thu"
"1222",2015-03-12,"Collectibles",353.99,NA,"N","Thu"
"1223",2015-03-12,"Costume Jewelry",5512.86,NA,"N","Thu"
"1224",2015-03-12,"Electronics",129576.52,NA,"N","Thu"
"1225",2015-03-12,"Entertainment",1967.76,NA,"N","Thu"
"1226",2015-03-12,"Fun & Leisure",15457.76,NA,"N","Thu"
"1227",2015-03-12,"Gift Cards",525,NA,"N","Thu"
"1228",2015-03-12,"Health",4637.44,NA,"N","Thu"
"1229",2015-03-12,"Health/Beauty",143756.65,NA,"N","Thu"
"1230",2015-03-12,"Home Decor",171176.79,NA,"N","Thu"
"1231",2015-03-12,"Housewares",37588.09,NA,"N","Thu"
"1232",2015-03-12,"IQVC Divisional",168132.62,NA,"N","Thu"
"1233",2015-03-12,"Jewelry",404011.35,NA,"N","Thu"
"1234",2015-03-12,"License Hardgds",119.5,NA,"N","Thu"
"1235",2015-03-12,"Textile/Furnit",39294.35,NA,"N","Thu"
"1236",2015-03-13,"Accessories",282420.12,215.66,"Y","Fri"
"1237",2015-03-13,"App/Accss Event",1607.5,NA,"N","Fri"
"1238",2015-03-13,"Apparel",477495.11,215.66,"Y","Fri"
"1239",2015-03-13,"Collectibles",348.53,NA,"N","Fri"
"1240",2015-03-13,"Costume Jewelry",6019.17,NA,"N","Fri"
"1241",2015-03-13,"Electronics",114456.81,871.57,"Y","Fri"
"1242",2015-03-13,"Entertainment",763.79,NA,"N","Fri"
"1243",2015-03-13,"Fun & Leisure",10779.62,NA,"N","Fri"
"1244",2015-03-13,"Gift Cards",1025,NA,"N","Fri"
"1245",2015-03-13,"Health",5452.96,NA,"N","Fri"
"1246",2015-03-13,"Health/Beauty",205984.28,NA,"N","Fri"
"1247",2015-03-13,"Home Decor",146957.86,NA,"N","Fri"
"1248",2015-03-13,"Housewares",31253.82,NA,"N","Fri"
"1249",2015-03-13,"IQVC Divisional",145017.85,NA,"N","Fri"
"1250",2015-03-13,"Jewelry",95699.02,215.66,"Y","Fri"
"1251",2015-03-13,"License Hardgds",75.3,NA,"N","Fri"
"1252",2015-03-13,"Returns",0,NA,"N","Fri"
"1253",2015-03-13,"Textile/Furnit",21408.69,NA,"N","Fri"
"1254",2015-03-14,"Accessories",953945.12,2355.18,"Y","Sat"
"1255",2015-03-14,"App/Accss Event",1838.66,NA,"N","Sat"
"1256",2015-03-14,"Apparel",257949.89,NA,"N","Sat"
"1257",2015-03-14,"Collectibles",66.63,NA,"N","Sat"
"1258",2015-03-14,"Costume Jewelry",5550.93,NA,"N","Sat"
"1259",2015-03-14,"Electronics",154758.94,NA,"N","Sat"
"1260",2015-03-14,"Entertainment",1235.4,NA,"N","Sat"
"1261",2015-03-14,"Fun & Leisure",63039.26,NA,"N","Sat"
"1262",2015-03-14,"Gift Cards",775,NA,"N","Sat"
"1263",2015-03-14,"Health",2991.84,NA,"N","Sat"
"1264",2015-03-14,"Health/Beauty",297320.7,NA,"N","Sat"
"1265",2015-03-14,"Home Decor",115212.05,NA,"N","Sat"
"1266",2015-03-14,"Housewares",63566.62,NA,"N","Sat"
"1267",2015-03-14,"IQVC Divisional",161405.96,NA,"N","Sat"
"1268",2015-03-14,"Jewelry",289264.09,NA,"N","Sat"
"1269",2015-03-14,"License Hardgds",58.34,NA,"N","Sat"
"1270",2015-03-14,"Textile/Furnit",33933.69,NA,"N","Sat"
"1271",2015-03-15,"Accessories",158507.74,NA,"N","Sun"
"1272",2015-03-15,"App/Accss Event",51048.47,NA,"N","Sun"
"1273",2015-03-15,"Apparel",125284.67,NA,"N","Sun"
"1274",2015-03-15,"Collectibles",177.49,NA,"N","Sun"
"1275",2015-03-15,"Costume Jewelry",4884.55,NA,"N","Sun"
"1276",2015-03-15,"Electronics",108005.02,NA,"N","Sun"
"1277",2015-03-15,"Entertainment",584.68,NA,"N","Sun"
"1278",2015-03-15,"Fun & Leisure",115704.39,NA,"N","Sun"
"1279",2015-03-15,"Gift Cards",600,NA,"N","Sun"
"1280",2015-03-15,"Health",9129.87,NA,"N","Sun"
"1281",2015-03-15,"Health/Beauty",239368.72,NA,"N","Sun"
"1282",2015-03-15,"Home Decor",324253.74,NA,"N","Sun"
"1283",2015-03-15,"Housewares",661068.63,NA,"N","Sun"
"1284",2015-03-15,"IQVC Divisional",133194.73,NA,"N","Sun"
"1285",2015-03-15,"Jewelry",87992.06,NA,"N","Sun"
"1286",2015-03-15,"License Hardgds",26.44,NA,"N","Sun"
"1287",2015-03-15,"Textile/Furnit",136771.51,NA,"N","Sun"
"1288",2015-03-16,"Accessories",454920.57,NA,"N","Mon"
"1289",2015-03-16,"App/Accss Event",37210.44,NA,"N","Mon"
"1290",2015-03-16,"Apparel",437717.72,NA,"N","Mon"
"1291",2015-03-16,"Collectibles",362.7,NA,"N","Mon"
"1292",2015-03-16,"Costume Jewelry",10777.57,NA,"N","Mon"
"1293",2015-03-16,"Electronics",75651.95,NA,"N","Mon"
"1294",2015-03-16,"Entertainment",696.99,NA,"N","Mon"
"1295",2015-03-16,"Fun & Leisure",20325.88,NA,"N","Mon"
"1296",2015-03-16,"Gift Cards",850,NA,"N","Mon"
"1297",2015-03-16,"Health",6875.74,NA,"N","Mon"
"1298",2015-03-16,"Health/Beauty",160291.71,NA,"N","Mon"
"1299",2015-03-16,"Home Decor",94939.86,NA,"N","Mon"
"1300",2015-03-16,"Housewares",52010.07,NA,"N","Mon"
"1301",2015-03-16,"IQVC Divisional",117743.62,NA,"N","Mon"
"1302",2015-03-16,"Jewelry",78288.21,401.78,"Y","Mon"
"1303",2015-03-16,"License Hardgds",96.6,NA,"N","Mon"
"1304",2015-03-16,"Textile/Furnit",26923.5,NA,"N","Mon"
"1305",2015-03-17,"Accessories",75437.8,NA,"N","Tue"
"1306",2015-03-17,"App/Accss Event",559352.83,NA,"N","Tue"
"1307",2015-03-17,"Apparel",133478.22,NA,"N","Tue"
"1308",2015-03-17,"Collectibles",436.83,NA,"N","Tue"
"1309",2015-03-17,"Costume Jewelry",3145.77,NA,"N","Tue"
"1310",2015-03-17,"Electronics",75974.69,NA,"N","Tue"
"1311",2015-03-17,"Entertainment",613.15,NA,"N","Tue"
"1312",2015-03-17,"Fun & Leisure",14299.58,NA,"N","Tue"
"1313",2015-03-17,"Gift Cards",200,NA,"N","Tue"
"1314",2015-03-17,"Health",3032.36,NA,"N","Tue"
"1315",2015-03-17,"Health/Beauty",246482.92,NA,"N","Tue"
"1316",2015-03-17,"Home Decor",87896.58,NA,"N","Tue"
"1317",2015-03-17,"Housewares",37427.14,NA,"N","Tue"
"1318",2015-03-17,"IQVC Divisional",118288.55,NA,"N","Tue"
"1319",2015-03-17,"Jewelry",141281.21,NA,"N","Tue"
"1320",2015-03-17,"Returns",0,NA,"N","Tue"
"1321",2015-03-17,"Textile/Furnit",17338.3,NA,"N","Tue"
"1322",2015-03-18,"Accessories",70641.68,NA,"N","Wed"
"1323",2015-03-18,"App/Accss Event",29050.86,NA,"N","Wed"
"1324",2015-03-18,"Apparel",95348.1,NA,"N","Wed"
"1325",2015-03-18,"Collectibles",1036.75,NA,"N","Wed"
"1326",2015-03-18,"Costume Jewelry",2192.64,NA,"N","Wed"
"1327",2015-03-18,"Electronics",93821.45,NA,"N","Wed"
"1328",2015-03-18,"Entertainment",924.2,NA,"N","Wed"
"1329",2015-03-18,"Fun & Leisure",11170.46,NA,"N","Wed"
"1330",2015-03-18,"Gift Cards",450,NA,"N","Wed"
"1331",2015-03-18,"Health",2948.04,NA,"N","Wed"
"1332",2015-03-18,"Health/Beauty",268854.48,NA,"N","Wed"
"1333",2015-03-18,"Home Decor",621046.65,1381.9,"Y","Wed"
"1334",2015-03-18,"Housewares",50254.14,NA,"N","Wed"
"1335",2015-03-18,"IQVC Divisional",131432.42,NA,"N","Wed"
"1336",2015-03-18,"Jewelry",60219.25,NA,"N","Wed"
"1337",2015-03-18,"Returns",0,NA,"N","Wed"
"1338",2015-03-18,"Textile/Furnit",24600.31,NA,"N","Wed"
"1339",2015-03-19,"Accessories",85468,NA,"N","Thu"
"1340",2015-03-19,"App/Accss Event",5636.45,NA,"N","Thu"
"1341",2015-03-19,"Apparel",110034.35,NA,"N","Thu"
"1342",2015-03-19,"Collectibles",273.45,NA,"N","Thu"
"1343",2015-03-19,"Costume Jewelry",7361.85,NA,"N","Thu"
"1344",2015-03-19,"Electronics",105301.39,2346.12,"Y","Thu"
"1345",2015-03-19,"Entertainment",1552.15,NA,"N","Thu"
"1346",2015-03-19,"Fun & Leisure",9651.57,NA,"N","Thu"
"1347",2015-03-19,"Gift Cards",375,NA,"N","Thu"
"1348",2015-03-19,"Health",2790.82,NA,"N","Thu"
"1349",2015-03-19,"Health/Beauty",132484.02,NA,"N","Thu"
"1350",2015-03-19,"Home Decor",869943.5,NA,"N","Thu"
"1351",2015-03-19,"Housewares",42101.64,NA,"N","Thu"
"1352",2015-03-19,"IQVC Divisional",149472.07,NA,"N","Thu"
"1353",2015-03-19,"Jewelry",65223.19,NA,"N","Thu"
"1354",2015-03-19,"Textile/Furnit",23026.9,NA,"N","Thu"
"1355",2015-03-20,"Accessories",388107.2,NA,"N","Fri"
"1356",2015-03-20,"App/Accss Event",1833.72,NA,"N","Fri"
"1357",2015-03-20,"Apparel",689679.53,NA,"N","Fri"
"1358",2015-03-20,"Collectibles",196,NA,"N","Fri"
"1359",2015-03-20,"Costume Jewelry",34068.61,NA,"N","Fri"
"1360",2015-03-20,"Electronics",93723.21,NA,"N","Fri"
"1361",2015-03-20,"Entertainment",413.44,NA,"N","Fri"
"1362",2015-03-20,"Fun & Leisure",10095.8,NA,"N","Fri"
"1363",2015-03-20,"Gift Cards",725,NA,"N","Fri"
"1364",2015-03-20,"Health",3948.76,1054.305,"Y","Fri"
"1365",2015-03-20,"Health/Beauty",204016.52,NA,"N","Fri"
"1366",2015-03-20,"Home Decor",174414.54,NA,"N","Fri"
"1367",2015-03-20,"Housewares",36061.45,1054.305,"Y","Fri"
"1368",2015-03-20,"IQVC Divisional",146716.68,NA,"N","Fri"
"1369",2015-03-20,"Jewelry",99269.84,NA,"N","Fri"
"1370",2015-03-20,"License Hardgds",138,NA,"N","Fri"
"1371",2015-03-20,"Textile/Furnit",17165.24,NA,"N","Fri"
"1372",2015-03-21,"Accessories",197296.2,NA,"N","Sat"
"1373",2015-03-21,"App/Accss Event",2167.43,NA,"N","Sat"
"1374",2015-03-21,"Apparel",358336.7,NA,"N","Sat"
"1375",2015-03-21,"Collectibles",1061.45,NA,"N","Sat"
"1376",2015-03-21,"Costume Jewelry",5124.57,NA,"N","Sat"
"1377",2015-03-21,"Electronics",182781.24,NA,"N","Sat"
"1378",2015-03-21,"Entertainment",5462.02,NA,"N","Sat"
"1379",2015-03-21,"Fun & Leisure",41411.73,NA,"N","Sat"
"1380",2015-03-21,"Gift Cards",500,NA,"N","Sat"
"1381",2015-03-21,"Health",2740.91,NA,"N","Sat"
"1382",2015-03-21,"Health/Beauty",1465118,NA,"N","Sat"
"1383",2015-03-21,"Home Decor",132906.53,NA,"N","Sat"
"1384",2015-03-21,"Housewares",113443.79,NA,"N","Sat"
"1385",2015-03-21,"IQVC Divisional",148151.52,NA,"N","Sat"
"1386",2015-03-21,"Jewelry",45001.97,NA,"N","Sat"
"1387",2015-03-21,"License Hardgds",73.83,NA,"N","Sat"
"1388",2015-03-21,"Returns",0,NA,"N","Sat"
"1389",2015-03-21,"Textile/Furnit",44657.09,NA,"N","Sat"
"1390",2015-03-22,"Accessories",98563.46,NA,"N","Sun"
"1391",2015-03-22,"App/Accss Event",1970.18,NA,"N","Sun"
"1392",2015-03-22,"Apparel",140289.87,NA,"N","Sun"
"1393",2015-03-22,"Collectibles",506.57,NA,"N","Sun"
"1394",2015-03-22,"Costume Jewelry",3694,NA,"N","Sun"
"1395",2015-03-22,"Electronics",115655.6,NA,"N","Sun"
"1396",2015-03-22,"Entertainment",591.35,NA,"N","Sun"
"1397",2015-03-22,"Fun & Leisure",17923.94,NA,"N","Sun"
"1398",2015-03-22,"Gift Cards",600,NA,"N","Sun"
"1399",2015-03-22,"Health",2038.83,NA,"N","Sun"
"1400",2015-03-22,"Health/Beauty",177868.3,NA,"N","Sun"
"1401",2015-03-22,"Home Decor",1690609.5,NA,"N","Sun"
"1402",2015-03-22,"Housewares",47191.54,NA,"N","Sun"
"1403",2015-03-22,"IQVC Divisional",131278.54,NA,"N","Sun"
"1404",2015-03-22,"Jewelry",86858.54,1560.92,"Y","Sun"
"1405",2015-03-22,"Textile/Furnit",20403.16,NA,"N","Sun"
"1406",2015-03-23,"Accessories",375614.95,NA,"N","Mon"
"1407",2015-03-23,"App/Accss Event",3399.73,NA,"N","Mon"
"1408",2015-03-23,"Apparel",336357.86,NA,"N","Mon"
"1409",2015-03-23,"Collectibles",281.21,NA,"N","Mon"
"1410",2015-03-23,"Costume Jewelry",5020.91,NA,"N","Mon"
"1411",2015-03-23,"Electronics",78147.96,NA,"N","Mon"
"1412",2015-03-23,"Entertainment",535.17,NA,"N","Mon"
"1413",2015-03-23,"Fun & Leisure",9218.34,NA,"N","Mon"
"1414",2015-03-23,"Gift Cards",450,NA,"N","Mon"
"1415",2015-03-23,"Health",2824.99,NA,"N","Mon"
"1416",2015-03-23,"Health/Beauty",167829.56,NA,"N","Mon"
"1417",2015-03-23,"Home Decor",244371.28,NA,"N","Mon"
"1418",2015-03-23,"Housewares",28013.69,NA,"N","Mon"
"1419",2015-03-23,"IQVC Divisional",119721.85,NA,"N","Mon"
"1420",2015-03-23,"Jewelry",161184.07,NA,"N","Mon"
"1421",2015-03-23,"License Hardgds",141.32,NA,"N","Mon"
"1422",2015-03-23,"Returns",0,NA,"N","Mon"
"1423",2015-03-23,"Textile/Furnit",16943.33,NA,"N","Mon"
"1424",2015-03-24,"Accessories",97264.02,NA,"N","Tue"
"1425",2015-03-24,"App/Accss Event",2897.03,NA,"N","Tue"
"1426",2015-03-24,"Apparel",227969.52,NA,"N","Tue"
"1427",2015-03-24,"Collectibles",62.94,NA,"N","Tue"
"1428",2015-03-24,"Costume Jewelry",4996.21,NA,"N","Tue"
"1429",2015-03-24,"Electronics",292713.23,NA,"N","Tue"
"1430",2015-03-24,"Entertainment",1051.34,NA,"N","Tue"
"1431",2015-03-24,"Fun & Leisure",11762.89,NA,"N","Tue"
"1432",2015-03-24,"Gift Cards",650,NA,"N","Tue"
"1433",2015-03-24,"Health",2144.41,NA,"N","Tue"
"1434",2015-03-24,"Health/Beauty",142184.82,NA,"N","Tue"
"1435",2015-03-24,"Home Decor",156393.3,NA,"N","Tue"
"1436",2015-03-24,"Housewares",49782.03,NA,"N","Tue"
"1437",2015-03-24,"IQVC Divisional",146790.61,NA,"N","Tue"
"1438",2015-03-24,"Jewelry",138294.03,NA,"N","Tue"
"1439",2015-03-24,"Textile/Furnit",25679.46,NA,"N","Tue"
"1440",2015-03-25,"Accessories",80185.4,NA,"N","Wed"
"1441",2015-03-25,"App/Accss Event",2570.54,NA,"N","Wed"
"1442",2015-03-25,"Apparel",107256.3,NA,"N","Wed"
"1443",2015-03-25,"Collectibles",243.53,NA,"N","Wed"
"1444",2015-03-25,"Costume Jewelry",11539.4,NA,"N","Wed"
"1445",2015-03-25,"Electronics",74203.62,NA,"N","Wed"
"1446",2015-03-25,"Entertainment",438.71,NA,"N","Wed"
"1447",2015-03-25,"Fun & Leisure",11801.26,NA,"N","Wed"
"1448",2015-03-25,"Gift Cards",725,NA,"N","Wed"
"1449",2015-03-25,"Health",2050.37,NA,"N","Wed"
"1450",2015-03-25,"Health/Beauty",168362.86,NA,"N","Wed"
"1451",2015-03-25,"Home Decor",98637.78,NA,"N","Wed"
"1452",2015-03-25,"Housewares",20632.5,NA,"N","Wed"
"1453",2015-03-25,"IQVC Divisional",128361.09,NA,"N","Wed"
"1454",2015-03-25,"Jewelry",782381.37,NA,"N","Wed"
"1455",2015-03-25,"Textile/Furnit",15315.13,NA,"N","Wed"
"1456",2015-03-26,"Accessories",584239.11,928.285,"Y","Thu"
"1457",2015-03-26,"App/Accss Event",1682.17,NA,"N","Thu"
"1458",2015-03-26,"Apparel",299493.67,928.285,"Y","Thu"
"1459",2015-03-26,"Collectibles",389.76,NA,"N","Thu"
"1460",2015-03-26,"Costume Jewelry",13060.01,NA,"N","Thu"
"1461",2015-03-26,"Electronics",79615.29,NA,"N","Thu"
"1462",2015-03-26,"Entertainment",4592.02,NA,"N","Thu"
"1463",2015-03-26,"Fun & Leisure",8284.22,NA,"N","Thu"
"1464",2015-03-26,"Gift Cards",825,NA,"N","Thu"
"1465",2015-03-26,"Health",6881.16,NA,"N","Thu"
"1466",2015-03-26,"Health/Beauty",237676.92,470.19,"Y","Thu"
"1467",2015-03-26,"Home Decor",100803.58,NA,"N","Thu"
"1468",2015-03-26,"Housewares",48340.03,NA,"N","Thu"
"1469",2015-03-26,"IQVC Divisional",141362.28,NA,"N","Thu"
"1470",2015-03-26,"Jewelry",72922.43,470.19,"Y","Thu"
"1471",2015-03-26,"Textile/Furnit",22409.11,NA,"N","Thu"
"1472",2015-03-27,"Accessories",97434.65,NA,"N","Fri"
"1473",2015-03-27,"App/Accss Event",2010.65,NA,"N","Fri"
"1474",2015-03-27,"Apparel",160235.71,2912.89,"Y","Fri"
"1475",2015-03-27,"Collectibles",64.44,NA,"N","Fri"
"1476",2015-03-27,"Costume Jewelry",5323.91,NA,"N","Fri"
"1477",2015-03-27,"Electronics",65758.44,NA,"N","Fri"
"1478",2015-03-27,"Entertainment",624.05,NA,"N","Fri"
"1479",2015-03-27,"Fun & Leisure",7906.63,NA,"N","Fri"
"1480",2015-03-27,"Gift Cards",100,NA,"N","Fri"
"1481",2015-03-27,"Health",36331.55,NA,"N","Fri"
"1482",2015-03-27,"Health/Beauty",1216619.92,NA,"N","Fri"
"1483",2015-03-27,"Home Decor",138608.89,NA,"N","Fri"
"1484",2015-03-27,"Housewares",22106.74,NA,"N","Fri"
"1485",2015-03-27,"IQVC Divisional",154272.48,NA,"N","Fri"
"1486",2015-03-27,"Jewelry",53541.33,NA,"N","Fri"
"1487",2015-03-27,"License Hardgds",26.44,NA,"N","Fri"
"1488",2015-03-27,"Textile/Furnit",14251.32,NA,"N","Fri"
"1489",2015-03-28,"Accessories",405155.66,NA,"N","Sat"
"1490",2015-03-28,"App/Accss Event",1496.75,NA,"N","Sat"
"1491",2015-03-28,"Apparel",1086192.29,NA,"N","Sat"
"1492",2015-03-28,"Collectibles",296.65,NA,"N","Sat"
"1493",2015-03-28,"Costume Jewelry",23229.47,NA,"N","Sat"
"1494",2015-03-28,"Electronics",72671.31,NA,"N","Sat"
"1495",2015-03-28,"Entertainment",659.31,NA,"N","Sat"
"1496",2015-03-28,"Fun & Leisure",8688.87,NA,"N","Sat"
"1497",2015-03-28,"Gift Cards",425,NA,"N","Sat"
"1498",2015-03-28,"Health",5221.13,NA,"N","Sat"
"1499",2015-03-28,"Health/Beauty",245964.52,NA,"N","Sat"
"1500",2015-03-28,"Home Decor",73286.51,NA,"N","Sat"
"1501",2015-03-28,"Housewares",31769.65,NA,"N","Sat"
"1502",2015-03-28,"IQVC Divisional",107329.03,NA,"N","Sat"
"1503",2015-03-28,"Jewelry",52064.03,NA,"N","Sat"
"1504",2015-03-28,"Textile/Furnit",25771.27,NA,"N","Sat"
"1505",2015-03-29,"Accessories",120833.16,NA,"N","Sun"
"1506",2015-03-29,"App/Accss Event",1616.53,NA,"N","Sun"
"1507",2015-03-29,"Apparel",226574.48,NA,"N","Sun"
"1508",2015-03-29,"Collectibles",105.55,NA,"N","Sun"
"1509",2015-03-29,"Costume Jewelry",3371.69,NA,"N","Sun"
"1510",2015-03-29,"Electronics",93309.05,NA,"N","Sun"
"1511",2015-03-29,"Entertainment",1033.65,NA,"N","Sun"
"1512",2015-03-29,"Fun & Leisure",13972.63,NA,"N","Sun"
"1513",2015-03-29,"Gift Cards",875,NA,"N","Sun"
"1514",2015-03-29,"Health",20070.55,NA,"N","Sun"
"1515",2015-03-29,"Health/Beauty",187519.27,NA,"N","Sun"
"1516",2015-03-29,"Home Decor",280948.05,NA,"N","Sun"
"1517",2015-03-29,"Housewares",516859.75,NA,"N","Sun"
"1518",2015-03-29,"IQVC Divisional",156633.6,NA,"N","Sun"
"1519",2015-03-29,"Jewelry",153045.57,NA,"N","Sun"
"1520",2015-03-29,"Textile/Furnit",56537.64,NA,"N","Sun"
"1521",2015-03-30,"Accessories",136517.06,NA,"N","Mon"
"1522",2015-03-30,"App/Accss Event",1077.09,NA,"N","Mon"
"1523",2015-03-30,"Apparel",323233.62,NA,"N","Mon"
"1524",2015-03-30,"Collectibles",462.21,NA,"N","Mon"
"1525",2015-03-30,"Costume Jewelry",5496.29,NA,"N","Mon"
"1526",2015-03-30,"Electronics",82079.26,NA,"N","Mon"
"1527",2015-03-30,"Entertainment",782.64,NA,"N","Mon"
"1528",2015-03-30,"Fun & Leisure",10020.34,NA,"N","Mon"
"1529",2015-03-30,"Gift Cards",1050,NA,"N","Mon"
"1530",2015-03-30,"Health",3896.64,NA,"N","Mon"
"1531",2015-03-30,"Health/Beauty",434086.06,NA,"N","Mon"
"1532",2015-03-30,"Home Decor",162219.94,NA,"N","Mon"
"1533",2015-03-30,"Housewares",34164.87,NA,"N","Mon"
"1534",2015-03-30,"IQVC Divisional",108208.81,NA,"N","Mon"
"1535",2015-03-30,"Jewelry",92132.77,NA,"N","Mon"
"1536",2015-03-30,"Returns",0,NA,"N","Mon"
"1537",2015-03-30,"Textile/Furnit",23542.53,NA,"N","Mon"
"1538",2015-03-31,"Accessories",62082.68,NA,"N","Tue"
"1539",2015-03-31,"App/Accss Event",1193.68,NA,"N","Tue"
"1540",2015-03-31,"Apparel",126194.13,NA,"N","Tue"
"1541",2015-03-31,"Collectibles",652.46,NA,"N","Tue"
"1542",2015-03-31,"Costume Jewelry",2442.66,NA,"N","Tue"
"1543",2015-03-31,"Electronics",87841.3,NA,"N","Tue"
"1544",2015-03-31,"Entertainment",2958.6,NA,"N","Tue"
"1545",2015-03-31,"Fun & Leisure",14399,NA,"N","Tue"
"1546",2015-03-31,"Gift Cards",750,NA,"N","Tue"
"1547",2015-03-31,"Health",1524.25,NA,"N","Tue"
"1548",2015-03-31,"Health/Beauty",185991.94,NA,"N","Tue"
"1549",2015-03-31,"Home Decor",503175.84,NA,"N","Tue"
"1550",2015-03-31,"Housewares",48238.41,NA,"N","Tue"
"1551",2015-03-31,"IQVC Divisional",133543.69,NA,"N","Tue"
"1552",2015-03-31,"Jewelry",64408.59,NA,"N","Tue"
"1553",2015-03-31,"License Hardgds",175.88,NA,"N","Tue"
"1554",2015-03-31,"PUBLIC RELATION",0,NA,"N","Tue"
"1555",2015-03-31,"Textile/Furnit",32255.09,NA,"N","Tue"
